snapshot_date,platform,keyword,occupation_code,industry_code,total_reported,title_match_top,title_match_deep,title_match_status,precision_deep,effective_count,stop_reason,occupation_label_de,occupation_label_en,industry_label_de,industry_label_en
2026-09-08,arbeit.swiss,222,,,11524,,,,,,exhausted,,,,
2026-09-08,arbeit.swiss,Pflegefachfrau,,,4788,0.92,0.92,verified,0.92,4405,exhausted,,,,
2026-09-08,arbeit.swiss,322,,,4212,,,,,,exhausted,,,,
2026-09-08,arbeit.swiss,Kaufmann,,,3876,0.04,0.5,excluded,0.5,1938,exhausted,,,,
2026-09-08,arbeit.swiss,741,,,3836,,,,,,exhausted,,,,
2026-09-08,arbeit.swiss,712,,,3710,,,,,,exhausted,,,,
2026-09-08,arbeit.swiss,711,,,3521,,,,,,exhausted,,,,
2026-09-08,arbeit.swiss,221,,,3016,,,,,,exhausted,,,,
2026-09-08,arbeit.swiss,311,,,2576,,,,,,exhausted,,,,
2026-09-08,arbeit.swiss,Arzt,,,2359,0.73,0.71,verified,0.71,1675,exhausted,,,,
2026-09-08,arbeit.swiss,Fachfrau Gesundheit EFZ,,,2293,0.74,0.74,verified,0.74,1697,exhausted,,,,
2026-09-08,arbeit.swiss,720,,,2287,,,,,,exhausted,,,,
2026-09-08,arbeit.swiss,Polymechaniker,,,2242,0.41,0.48,broad,0.48,1076,exhausted,,,,
2026-09-08,arbeit.swiss,524,,,1904,,,,,,exhausted,,,,
2026-09-08,arbeit.swiss,721,,,1831,,,,,,exhausted,,,,
2026-09-08,arbeit.swiss,723,,,1807,,,,,,exhausted,,,,
2026-09-08,arbeit.swiss,Projektleiter,,,1652,0.7,0.66,broad,0.66,1090,exhausted,,,,
2026-09-08,arbeit.swiss,Expertin Anästhesiepflege,,,1611,1.0,0.95,verified,0.95,1530,exhausted,,,,
2026-09-08,arbeit.swiss,411,,,1550,,,,,,exhausted,,,,
2026-09-08,arbeit.swiss,931,,,1475,,,,,,exhausted,,,,
2026-09-08,arbeit.swiss,Sachbearbeiter,,,1359,0.86,0.91,verified,0.91,1237,exhausted,,,,
2026-09-08,arbeit.swiss,333,,,1284,,,,,,exhausted,,,,
2026-09-08,arbeit.swiss,513,,,1276,,,,,,exhausted,,,,
2026-09-08,arbeit.swiss,522,,,1266,,,,,,exhausted,,,,
2026-09-08,arbeit.swiss,834,,,1196,,,,,,exhausted,,,,
2026-09-08,arbeit.swiss,251,,,1159,,,,,,exhausted,,,,
2026-09-08,arbeit.swiss,432,,,1052,,,,,,exhausted,,,,
2026-09-08,arbeit.swiss,512,,,1024,,,,,,exhausted,,,,
2026-09-08,arbeit.swiss,713,,,972,,,,,,exhausted,,,,
2026-09-08,arbeit.swiss,441,,,965,,,,,,exhausted,,,,
2026-09-08,arbeit.swiss,611,,,932,,,,,,exhausted,,,,
2026-09-08,arbeit.swiss,911,,,930,,,,,,exhausted,,,,
2026-09-08,arbeit.swiss,515,,,925,,,,,,exhausted,,,,
2026-09-08,arbeit.swiss,332,,,896,,,,,,exhausted,,,,
2026-09-08,arbeit.swiss,Zimmermann,,,892,0.72,0.75,verified,0.75,669,exhausted,,,,
2026-09-08,arbeit.swiss,312,,,874,,,,,,exhausted,,,,
2026-09-08,arbeit.swiss,242,,,872,,,,,,exhausted,,,,
2026-09-08,arbeit.swiss,Maler,,,840,0.83,0.9,verified,0.9,756,exhausted,,,,
2026-09-08,arbeit.swiss,214,,,818,,,,,,exhausted,,,,
2026-09-08,arbeit.swiss,Gärtner,,,806,0.79,0.89,verified,0.89,717,exhausted,,,,
2026-09-08,arbeit.swiss,Koch,,,761,0.66,0.75,broad,0.75,571,exhausted,,,,
2026-09-08,arbeit.swiss,241,,,668,,,,,,exhausted,,,,
2026-09-08,arbeit.swiss,Mechaniker,,,660,0.57,0.78,broad,0.78,515,exhausted,,,,
2026-09-08,arbeit.swiss,Servicetechniker,,,654,0.73,0.78,verified,0.78,510,exhausted,,,,
2026-09-08,arbeit.swiss,325,,,625,,,,,,exhausted,,,,
2026-09-08,arbeit.swiss,331,,,624,,,,,,exhausted,,,,
2026-09-08,arbeit.swiss,431,,,609,,,,,,exhausted,,,,
2026-09-08,arbeit.swiss,300,,,600,,,,,,exhausted,,,,
2026-09-08,arbeit.swiss,243,,,572,,,,,,exhausted,,,,
2026-09-08,arbeit.swiss,Fachfrau Operationstechnik,,,558,0.94,0.8,verified,0.8,446,exhausted,,,,
2026-09-08,arbeit.swiss,132,,,556,,,,,,exhausted,,,,
2026-09-08,arbeit.swiss,810,,,531,,,,,,exhausted,,,,
2026-09-08,arbeit.swiss,Logistiker EFZ,,,516,0.68,0.949,broad,0.949,490,exhausted,,,,
2026-09-08,arbeit.swiss,933,,,510,,,,,,exhausted,,,,
2026-09-08,arbeit.swiss,Chauffeur,,,493,0.84,1.0,verified,1.0,493,exhausted,,,,
2026-09-08,arbeit.swiss,Verkäufer,,,487,0.61,0.0,excluded,0.0,0,exhausted,,,,
2026-09-08,arbeit.swiss,Mechatroniker,,,479,0.39,,broad,,,exhausted,,,,
2026-09-08,arbeit.swiss,341,,,469,,,,,,exhausted,,,,
2026-09-08,arbeit.swiss,941,,,454,,,,,,exhausted,,,,
2026-09-08,arbeit.swiss,226,,,443,,,,,,exhausted,,,,
2026-09-08,arbeit.swiss,334,,,439,,,,,,exhausted,,,,
2026-09-08,arbeit.swiss,121,,,412,,,,,,exhausted,,,,
2026-09-08,arbeit.swiss,263,,,399,,,,,,exhausted,,,,
2026-09-08,arbeit.swiss,Fachmann Operationstechnik,,,396,0.97,,verified,,,exhausted,,,,
2026-09-08,arbeit.swiss,422,,,390,,,,,,exhausted,,,,
2026-09-08,arbeit.swiss,Produktionsmitarbeiter,,,372,0.79,,verified,,,exhausted,,,,
2026-09-08,arbeit.swiss,321,,,357,,,,,,exhausted,,,,
2026-09-08,arbeit.swiss,Elektroplaner,,,352,0.75,,verified,,,exhausted,,,,
2026-09-08,arbeit.swiss,112,,,342,,,,,,exhausted,,,,
2026-09-08,arbeit.swiss,Kranführer,,,340,0.73,,verified,,,exhausted,,,,
2026-09-08,arbeit.swiss,532,,,336,,,,,,exhausted,,,,
2026-09-08,arbeit.swiss,261,,,320,,,,,,exhausted,,,,
2026-09-08,arbeit.swiss,343,,,319,,,,,,exhausted,,,,
2026-09-08,arbeit.swiss,Kundenberater,,,317,0.78,,verified,,,exhausted,,,,
2026-09-08,arbeit.swiss,134,,,316,,,,,,exhausted,,,,
2026-09-08,arbeit.swiss,833,,,295,,,,,,exhausted,,,,
2026-09-08,arbeit.swiss,Physiotherapeut,,,294,0.58,,broad,,,exhausted,,,,
2026-09-08,arbeit.swiss,Verkaufsberater,,,284,0.87,,verified,,,exhausted,,,,
2026-09-08,arbeit.swiss,252,,,273,,,,,,exhausted,,,,
2026-09-08,arbeit.swiss,216,,,268,,,,,,exhausted,,,,
2026-09-08,arbeit.swiss,541,,,263,,,,,,exhausted,,,,
2026-09-08,arbeit.swiss,Gärtner EFZ,,,258,0.94,,verified,,,exhausted,,,,
2026-09-08,arbeit.swiss,731,,,238,,,,,,exhausted,,,,
2026-09-08,arbeit.swiss,Betriebselektriker,,,235,0.7,,verified,,,exhausted,,,,
2026-09-08,arbeit.swiss,Lagermitarbeiter,,,235,0.94,,verified,,,exhausted,,,,
2026-09-08,arbeit.swiss,250,,,232,,,,,,exhausted,,,,
2026-09-08,arbeit.swiss,351,,,225,,,,,,exhausted,,,,
2026-09-08,arbeit.swiss,Servicemitarbeiter,,,225,0.8,,verified,,,exhausted,,,,
2026-09-08,arbeit.swiss,830,,,221,,,,,,exhausted,,,,
2026-09-08,arbeit.swiss,122,,,219,,,,,,exhausted,,,,
2026-09-08,arbeit.swiss,335,,,212,,,,,,exhausted,,,,
2026-09-08,arbeit.swiss,722,,,204,,,,,,exhausted,,,,
2026-09-08,arbeit.swiss,751,,,195,,,,,,exhausted,,,,
2026-09-08,arbeit.swiss,200,,,183,,,,,,exhausted,,,,
2026-09-08,arbeit.swiss,Betriebsmechaniker,,,174,0.74,,verified,,,exhausted,,,,
2026-09-08,arbeit.swiss,752,,,154,,,,,,exhausted,,,,
2026-09-08,arbeit.swiss,Chef de Rang,,,154,0.83,,verified,,,exhausted,,,,
2026-09-08,arbeit.swiss,Netzelektriker EFZ,,,141,0.81,,verified,,,exhausted,,,,
2026-09-08,arbeit.swiss,235,,,133,,,,,,exhausted,,,,
2026-09-08,arbeit.swiss,Sozialpädagoge,,,133,0.75,,verified,,,exhausted,,,,
2026-09-08,arbeit.swiss,Controller,,,130,0.7,,verified,,,exhausted,,,,
2026-09-08,arbeit.swiss,421,,,126,,,,,,exhausted,,,,
2026-09-08,arbeit.swiss,514,,,122,,,,,,exhausted,,,,
2026-09-08,arbeit.swiss,Disponent,,,122,0.7,,verified,,,exhausted,,,,
2026-09-08,arbeit.swiss,141,,,119,,,,,,exhausted,,,,
2026-09-08,arbeit.swiss,742,,,100,,,,,,exhausted,,,,
2026-09-08,arbeit.swiss,Konstrukteur EFZ,,,99,0.68,,broad,,,exhausted,,,,
2026-09-08,arbeit.swiss,754,,,91,,,,,,exhausted,,,,
2026-09-08,arbeit.swiss,962,,,91,,,,,,exhausted,,,,
2026-09-08,arbeit.swiss,961,,,80,,,,,,exhausted,,,,
2026-09-08,arbeit.swiss,342,,,78,,,,,,exhausted,,,,
2026-09-08,arbeit.swiss,Versicherungsberater,,,73,0.74,,verified,,,exhausted,,,,
2026-09-08,arbeit.swiss,Wirt,,,66,0.75,,verified,,,exhausted,,,,
2026-09-08,arbeit.swiss,811,,,64,,,,,,exhausted,,,,
2026-09-08,arbeit.swiss,Laborant,,,64,0.731,,verified,,,exhausted,,,,
2026-09-08,arbeit.swiss,732,,,63,,,,,,exhausted,,,,
2026-09-08,arbeit.swiss,816,,,59,,,,,,exhausted,,,,
2026-09-08,arbeit.swiss,821,,,52,,,,,,exhausted,,,,
2026-09-08,arbeit.swiss,832,,,52,,,,,,exhausted,,,,
2026-09-08,arbeit.swiss,262,,,49,,,,,,exhausted,,,,
2026-09-08,arbeit.swiss,Detailhandelsassistent,,,49,0.26,,excluded,,,exhausted,,,,
2026-09-08,arbeit.swiss,264,,,47,,,,,,exhausted,,,,
2026-09-08,arbeit.swiss,815,,,47,,,,,,exhausted,,,,
2026-09-08,arbeit.swiss,212,,,46,,,,,,exhausted,,,,
2026-09-08,arbeit.swiss,523,,,45,,,,,,exhausted,,,,
2026-09-08,arbeit.swiss,142,,,44,,,,,,exhausted,,,,
2026-09-08,arbeit.swiss,813,,,44,,,,,,exhausted,,,,
2026-09-08,arbeit.swiss,111,,,41,,,,,,exhausted,,,,
2026-09-08,arbeit.swiss,Apotheker,,,40,0.795,,verified,,,exhausted,,,,
2026-09-08,arbeit.swiss,213,,,38,,,,,,exhausted,,,,
2026-09-08,arbeit.swiss,Vorsorgeberater,,,38,0.775,,verified,,,exhausted,,,,
2026-09-08,arbeit.swiss,231,,,33,,,,,,exhausted,,,,
2026-09-08,arbeit.swiss,Rezeptionist,,,33,0.875,,verified,,,exhausted,,,,
2026-09-08,arbeit.swiss,814,,,32,,,,,,exhausted,,,,
2026-09-08,arbeit.swiss,Kundenberater Privatkunden,,,32,0.806,,verified,,,exhausted,,,,
2026-09-08,arbeit.swiss,Zimmermädchen,,,32,0.71,,verified,,,exhausted,,,,
2026-09-08,arbeit.swiss,313,,,31,,,,,,exhausted,,,,
2026-09-08,arbeit.swiss,Radiologiefachmann,,,31,0.7,,verified,,,exhausted,,,,
2026-09-08,arbeit.swiss,Lastwagenchauffeur,,,30,0.81,,verified,,,exhausted,,,,
2026-09-08,arbeit.swiss,812,,,27,,,,,,exhausted,,,,
2026-09-08,arbeit.swiss,352,,,26,,,,,,exhausted,,,,
2026-09-08,arbeit.swiss,Restaurantfachmann,,,25,0.77,,verified,,,exhausted,,,,
2026-09-08,arbeit.swiss,613,,,24,,,,,,exhausted,,,,
2026-09-08,arbeit.swiss,753,,,24,,,,,,exhausted,,,,
2026-09-08,arbeit.swiss,211,,,23,,,,,,exhausted,,,,
2026-09-08,arbeit.swiss,621,,,23,,,,,,exhausted,,,,
2026-09-08,arbeit.swiss,516,,,22,,,,,,exhausted,,,,
2026-09-08,arbeit.swiss,324,,,21,,,,,,exhausted,,,,
2026-09-08,arbeit.swiss,Underwriter,,,21,0.9,,verified,,,exhausted,,,,
2026-09-08,arbeit.swiss,225,,,20,,,,,,exhausted,,,,
2026-09-08,arbeit.swiss,Animateur,,,20,0.789,,verified,,,exhausted,,,,
2026-09-08,arbeit.swiss,Kosmetiker,,,20,0.75,,verified,,,exhausted,,,,
2026-09-08,arbeit.swiss,Solarmonteur,,,20,0.85,,verified,,,exhausted,,,,
2026-09-08,arbeit.swiss,230,,,18,,,,,,exhausted,,,,
2026-09-08,arbeit.swiss,Redaktor,,,17,0.938,,verified,,,exhausted,,,,
2026-09-08,arbeit.swiss,Zolldeklarant,,,17,0.88,,verified,,,exhausted,,,,
2026-09-08,arbeit.swiss,Erntehelfer,,,15,0.882,,verified,,,exhausted,,,,
2026-09-08,arbeit.swiss,223,,,14,,,,,,exhausted,,,,
2026-09-08,arbeit.swiss,612,,,13,,,,,,exhausted,,,,
2026-09-08,arbeit.swiss,Systemadministrator,,,13,0.93,,verified,,,exhausted,,,,
2026-09-08,arbeit.swiss,Fachverkäufer,,,12,0.769,,verified,,,exhausted,,,,
2026-09-08,arbeit.swiss,314,,,11,,,,,,exhausted,,,,
2026-09-08,arbeit.swiss,511,,,11,,,,,,exhausted,,,,
2026-09-08,arbeit.swiss,Principal Scientist,,,11,0.833,,verified,,,exhausted,,,,
2026-09-08,arbeit.swiss,265,,,10,,,,,,exhausted,,,,
2026-09-08,arbeit.swiss,Kassierer,,,10,0.8,,verified,,,exhausted,,,,
2026-09-08,arbeit.swiss,315,,,9,,,,,,exhausted,,,,
2026-09-08,arbeit.swiss,Fachlehrer,,,9,0.78,,verified,,,exhausted,,,,
2026-09-08,arbeit.swiss,Steuerkommissär,,,9,1.0,,verified,,,exhausted,,,,
2026-09-08,arbeit.swiss,Anwendungstechniker,,,8,0.889,,verified,,,exhausted,,,,
2026-09-08,arbeit.swiss,Verwaltungssekretär,,,8,0.857,,verified,,,exhausted,,,,
2026-09-08,arbeit.swiss,Lohnbuchhalter,,,7,0.88,,verified,,,exhausted,,,,
2026-09-08,arbeit.swiss,Optiker,,,6,0.5,,broad,,,exhausted,,,,
2026-09-08,arbeit.swiss,Juristischer Mitarbeiter,,,4,0.75,,verified,,,exhausted,,,,
2026-09-08,arbeit.swiss,Kassenmitarbeiter,,,4,1.0,,verified,,,exhausted,,,,
2026-09-08,arbeit.swiss,Zivilstandsbeamter,,,4,1.0,,verified,,,exhausted,,,,
2026-09-08,arbeit.swiss,817,,,3,,,,,,exhausted,,,,
2026-09-08,arbeit.swiss,Applikationstechniker,,,3,1.0,,verified,,,exhausted,,,,
2026-09-08,arbeit.swiss,Kanzleimitarbeiter,,,2,1.0,,verified,,,exhausted,,,,
2026-09-08,arbeit.swiss,Reiseberater,,,2,1.0,,verified,,,exhausted,,,,
2026-09-08,arbeit.swiss,Sekundarlehrer,,,2,1.0,,verified,,,exhausted,,,,
2026-09-08,arbeit.swiss,Speditionsfachmann,,,2,1.0,,verified,,,exhausted,,,,
2026-09-08,arbeit.swiss,Verwaltungsassistent,,,2,1.0,,verified,,,exhausted,,,,
2026-09-08,arbeit.swiss,323,,,1,,,,,,exhausted,,,,
2026-09-08,arbeit.swiss,Buchbinder,,,1,1.0,,verified,,,exhausted,,,,
2026-09-08,arbeit.swiss,Fertigungsmechaniker,,,1,1.0,,verified,,,exhausted,,,,
2026-09-08,arbeit.swiss,Managementberater,,,1,1.0,,verified,,,exhausted,,,,
2026-09-08,arbeit.swiss,Stadtschreiber,,,1,1.0,,verified,,,exhausted,,,,
2026-09-08,arbeit.swiss,011,,,0,,,,,,exhausted,,,,
2026-09-08,arbeit.swiss,021,,,0,,,,,,exhausted,,,,
2026-09-08,arbeit.swiss,622,,,0,,,,,,exhausted,,,,
2026-09-08,arbeit.swiss,700,,,0,,,,,,exhausted,,,,
2026-09-08,arbeit.swiss,835,,,0,,,,,,exhausted,,,,
2026-09-08,jobs.ch,10,,healthcare_social,7924,,,,,,exhausted,,,,
2026-09-08,jobs.ch,6,,retail_wholesale,5990,,,,,,exhausted,,,,
2026-09-08,jobs.ch,112,,,4793,,,,,,exhausted,,,,
2026-09-08,jobs.ch,2,,construction_realestate,3199,,,,,,exhausted,,,,
2026-09-08,jobs.ch,110,,,3168,,,,,,exhausted,,,,
2026-09-08,jobs.ch,105,,,3124,,,,,,exhausted,,,,
2026-09-08,jobs.ch,100,,,3073,,,,,,exhausted,,,,
2026-09-08,jobs.ch,Verkäufer,,,2841,0.77,0.16,excluded,0.16,455,exhausted,,,,
2026-09-08,jobs.ch,Pflegefachfrau,,,2718,0.99,0.07,excluded,0.07,190,exhausted,,,,
2026-09-08,jobs.ch,12,,manufacturing_diverse,2387,,,,,,exhausted,,,,
2026-09-08,jobs.ch,Projektleiter,,,2349,0.98,0.16,excluded,0.16,376,exhausted,,,,
2026-09-08,jobs.ch,16,,public_admin,2226,,,,,,exhausted,,,,
2026-09-08,jobs.ch,Verkaufsberater,,,2194,0.45,0.19,excluded,0.19,417,exhausted,,,,
2026-09-08,jobs.ch,111,,,2029,,,,,,exhausted,,,,
2026-09-08,jobs.ch,109,,,1894,,,,,,exhausted,,,,
2026-09-08,jobs.ch,Kaufmann,,,1708,0.71,0.0,excluded,0.0,0,exhausted,,,,
2026-09-08,jobs.ch,114,,,1669,,,,,,exhausted,,,,
2026-09-08,jobs.ch,106,,,1633,,,,,,exhausted,,,,
2026-09-08,jobs.ch,101,,,1538,,,,,,exhausted,,,,
2026-09-08,jobs.ch,108,,,1489,,,,,,exhausted,,,,
2026-09-08,jobs.ch,102,,,1484,,,,,,exhausted,,,,
2026-09-08,jobs.ch,Mechaniker,,,1482,0.84,0.56,broad,0.56,830,exhausted,,,,
2026-09-08,jobs.ch,9,,hospitality,1450,,,,,,exhausted,,,,
2026-09-08,jobs.ch,Betriebsmechaniker,,,1426,0.39,0.0,excluded,0.0,0,exhausted,,,,
2026-09-08,jobs.ch,Fertigungsmechaniker,,,1424,0.0,0.0,excluded,0.0,0,exhausted,,,,
2026-09-08,jobs.ch,22,,machinery,1328,,,,,,exhausted,,,,
2026-09-08,jobs.ch,113,,,1243,,,,,,exhausted,,,,
2026-09-08,jobs.ch,Polymechaniker,,,1231,0.87,0.07,excluded,0.07,86,exhausted,,,,
2026-09-08,jobs.ch,Sachbearbeiter,,,1142,0.93,0.6,broad,0.6,685,exhausted,,,,
2026-09-08,jobs.ch,13,,ict_telecom,1141,,,,,,exhausted,,,,
2026-09-08,jobs.ch,7,,services_diverse,1140,,,,,,exhausted,,,,
2026-09-08,jobs.ch,Arzt,,,1123,0.88,0.65,broad,0.65,730,exhausted,,,,
2026-09-08,jobs.ch,18,,transport_logistics,1109,,,,,,exhausted,,,,
2026-09-08,jobs.ch,Koch,,,1066,0.98,1.0,verified,1.0,1066,exhausted,,,,
2026-09-08,jobs.ch,Anwendungstechniker,,,1062,0.07,0.02,excluded,0.02,21,exhausted,,,,
2026-09-08,jobs.ch,Fachverkäufer,,,944,0.03,0.0,excluded,0.0,0,exhausted,,,,
2026-09-08,jobs.ch,Fachfrau Gesundheit EFZ,,,939,0.72,0.81,verified,0.81,761,exhausted,,,,
2026-09-08,jobs.ch,20,,insurance,937,,,,,,exhausted,,,,
2026-09-08,jobs.ch,4,,education,793,,,,,,exhausted,,,,
2026-09-08,jobs.ch,11,,crafts_trades,780,,,,,,exhausted,,,,
2026-09-08,jobs.ch,Zimmermann,,,761,0.13,0.01,excluded,0.01,8,exhausted,,,,
2026-09-08,jobs.ch,103,,,755,,,,,,exhausted,,,,
2026-09-08,jobs.ch,1,,banking_financial,753,,,,,,exhausted,,,,
2026-09-08,jobs.ch,Servicetechniker,,,734,0.98,0.78,verified,0.78,573,exhausted,,,,
2026-09-08,jobs.ch,23,,medical_technology,715,,,,,,exhausted,,,,
2026-09-08,jobs.ch,19,,legal_business_advisory,659,,,,,,exhausted,,,,
2026-09-08,jobs.ch,5,,life_sciences,613,,,,,,exhausted,,,,
2026-09-08,jobs.ch,Kundenberater,,,574,0.77,0.587,broad,0.587,337,exhausted,,,,
2026-09-08,jobs.ch,21,,consumer_luxury,562,,,,,,exhausted,,,,
2026-09-08,jobs.ch,Mechatroniker,,,554,0.88,1.0,verified,1.0,554,exhausted,,,,
2026-09-08,jobs.ch,Applikationstechniker,,,550,0.03,0.0,excluded,0.0,0,exhausted,,,,
2026-09-08,jobs.ch,Detailhandelsassistent,,,466,0.72,,verified,,,exhausted,,,,
2026-09-08,jobs.ch,Chauffeur,,,430,0.99,,verified,,,exhausted,,,,
2026-09-08,jobs.ch,Logistiker EFZ,,,428,0.8,,verified,,,exhausted,,,,
2026-09-08,jobs.ch,Gärtner,,,416,0.47,,broad,,,exhausted,,,,
2026-09-08,jobs.ch,Lastwagenchauffeur,,,412,0.03,,excluded,,,exhausted,,,,
2026-09-08,jobs.ch,Maler,,,382,0.58,,broad,,,exhausted,,,,
2026-09-08,jobs.ch,104,,,363,,,,,,exhausted,,,,
2026-09-08,jobs.ch,17,,tourism_leisure,323,,,,,,exhausted,,,,
2026-09-08,jobs.ch,Servicemitarbeiter,,,314,0.11,,excluded,,,exhausted,,,,
2026-09-08,jobs.ch,Fachlehrer,,,312,0.0,,excluded,,,exhausted,,,,
2026-09-08,jobs.ch,116,,,295,,,,,,exhausted,,,,
2026-09-08,jobs.ch,Produktionsmitarbeiter,,,291,0.44,,broad,,,exhausted,,,,
2026-09-08,jobs.ch,107,,,290,,,,,,exhausted,,,,
2026-09-08,jobs.ch,Erntehelfer,,,281,0.0,,excluded,,,exhausted,,,,
2026-09-08,jobs.ch,Betriebselektriker,,,231,0.54,,broad,,,exhausted,,,,
2026-09-08,jobs.ch,Wirt,,,230,0.02,,excluded,,,exhausted,,,,
2026-09-08,jobs.ch,Elektroplaner,,,228,0.21,,excluded,,,exhausted,,,,
2026-09-08,jobs.ch,Juristischer Mitarbeiter,,,199,0.02,,excluded,,,exhausted,,,,
2026-09-08,jobs.ch,Principal Scientist,,,196,0.06,,excluded,,,exhausted,,,,
2026-09-08,jobs.ch,Sozialpädagoge,,,186,0.38,,broad,,,exhausted,,,,
2026-09-08,jobs.ch,Versicherungsberater,,,186,0.35,,broad,,,exhausted,,,,
2026-09-08,jobs.ch,Lagermitarbeiter,,,185,0.31,,broad,,,exhausted,,,,
2026-09-08,jobs.ch,Controller,,,172,0.54,,broad,,,exhausted,,,,
2026-09-08,jobs.ch,Gärtner EFZ,,,163,0.84,,verified,,,exhausted,,,,
2026-09-08,jobs.ch,117,,,160,,,,,,exhausted,,,,
2026-09-08,jobs.ch,Disponent,,,144,0.66,,broad,,,exhausted,,,,
2026-09-08,jobs.ch,Optiker,,,141,0.88,,verified,,,exhausted,,,,
2026-09-08,jobs.ch,Rezeptionist,,,138,0.11,,excluded,,,exhausted,,,,
2026-09-08,jobs.ch,Vorsorgeberater,,,129,0.45,,broad,,,exhausted,,,,
2026-09-08,jobs.ch,15,,media_publishing,127,,,,,,exhausted,,,,
2026-09-08,jobs.ch,3,,consulting_diverse,121,,,,,,exhausted,,,,
2026-09-08,jobs.ch,Physiotherapeut,,,117,0.72,,verified,,,exhausted,,,,
2026-09-08,jobs.ch,Fachfrau Operationstechnik,,,116,0.49,,broad,,,exhausted,,,,
2026-09-08,jobs.ch,Fachmann Operationstechnik,,,112,0.38,,broad,,,exhausted,,,,
2026-09-08,jobs.ch,Kundenberater Privatkunden,,,110,0.57,,broad,,,exhausted,,,,
2026-09-08,jobs.ch,Chef de Rang,,,108,0.4,,broad,,,exhausted,,,,
2026-09-08,jobs.ch,Apotheker,,,101,0.337,,broad,,,exhausted,,,,
2026-09-08,jobs.ch,Restaurantfachmann,,,98,0.17,,excluded,,,exhausted,,,,
2026-09-08,jobs.ch,Kranführer,,,93,0.292,,excluded,,,exhausted,,,,
2026-09-08,jobs.ch,Laborant,,,91,0.576,,broad,,,exhausted,,,,
2026-09-08,jobs.ch,Netzelektriker EFZ,,,86,0.64,,broad,,,exhausted,,,,
2026-09-08,jobs.ch,Kassenmitarbeiter,,,85,0.165,,excluded,,,exhausted,,,,
2026-09-08,jobs.ch,Speditionsfachmann,,,85,0.0,,excluded,,,exhausted,,,,
2026-09-08,jobs.ch,Expertin Anästhesiepflege,,,78,0.533,,broad,,,exhausted,,,,
2026-09-08,jobs.ch,Kassierer,,,77,0.532,,broad,,,exhausted,,,,
2026-09-08,jobs.ch,Konstrukteur EFZ,,,75,0.76,,verified,,,exhausted,,,,
2026-09-08,jobs.ch,14,,agriculture,59,,,,,,exhausted,,,,
2026-09-08,jobs.ch,115,,,54,,,,,,exhausted,,,,
2026-09-08,jobs.ch,Systemadministrator,,,49,0.25,,excluded,,,exhausted,,,,
2026-09-08,jobs.ch,Zimmermädchen,,,46,0.06,,excluded,,,exhausted,,,,
2026-09-08,jobs.ch,Managementberater,,,38,0.03,,excluded,,,exhausted,,,,
2026-09-08,jobs.ch,24,,hr_recruiting,37,,,,,,exhausted,,,,
2026-09-08,jobs.ch,Radiologiefachmann,,,34,0.639,,broad,,,exhausted,,,,
2026-09-08,jobs.ch,Kosmetiker,,,31,0.45,,broad,,,exhausted,,,,
2026-09-08,jobs.ch,Redaktor,,,26,0.4,,broad,,,exhausted,,,,
2026-09-08,jobs.ch,Solarmonteur,,,22,0.158,,excluded,,,exhausted,,,,
2026-09-08,jobs.ch,Steuerkommissär,,,22,0.476,,broad,,,exhausted,,,,
2026-09-08,jobs.ch,Underwriter,,,20,0.57,,broad,,,exhausted,,,,
2026-09-08,jobs.ch,Stadtschreiber,,,19,0.111,,excluded,,,exhausted,,,,
2026-09-08,jobs.ch,Zolldeklarant,,,19,0.32,,broad,,,exhausted,,,,
2026-09-08,jobs.ch,Verwaltungssekretär,,,14,0.667,,broad,,,exhausted,,,,
2026-09-08,jobs.ch,Verwaltungsassistent,,,12,0.167,,excluded,,,exhausted,,,,
2026-09-08,jobs.ch,Reiseberater,,,11,0.09,,excluded,,,exhausted,,,,
2026-09-08,jobs.ch,Zivilstandsbeamter,,,11,0.455,,broad,,,exhausted,,,,
2026-09-08,jobs.ch,Animateur,,,9,0.444,,broad,,,exhausted,,,,
2026-09-08,jobs.ch,Kanzleimitarbeiter,,,7,0.375,,broad,,,exhausted,,,,
2026-09-08,jobs.ch,Lohnbuchhalter,,,7,0.0,,excluded,,,exhausted,,,,
2026-09-08,jobs.ch,Sekundarlehrer,,,4,1.0,,verified,,,exhausted,,,,
2026-09-08,jobs.ch,Buchbinder,,,3,0.0,,excluded,,,exhausted,,,,
2026-09-08,jobscout24.ch,13,,,4864,,,,,,exhausted,,,,
2026-09-08,jobscout24.ch,15,,,4243,,,,,,exhausted,,,,
2026-09-08,jobscout24.ch,Kaufmann,,,4088,0.44,,broad,,,exhausted,,,,
2026-09-08,jobscout24.ch,Pflegefachfrau,,,3665,0.23,,excluded,,,exhausted,,,,
2026-09-08,jobscout24.ch,Projektleiter,,,3415,0.88,,verified,,,exhausted,,,,
2026-09-08,jobscout24.ch,Maler,,,3027,0.18,,excluded,,,exhausted,,,,
2026-09-08,jobscout24.ch,Polymechaniker,,,2576,0.93,,verified,,,exhausted,,,,
2026-09-08,jobscout24.ch,6,,,2526,,,,,,exhausted,,,,
2026-09-08,jobscout24.ch,Sachbearbeiter,,,2272,1.0,,verified,,,exhausted,,,,
2026-09-08,jobscout24.ch,Kundenberater,,,2005,0.24,,excluded,,,exhausted,,,,
2026-09-08,jobscout24.ch,8,,,1759,,,,,,exhausted,,,,
2026-09-08,jobscout24.ch,Servicetechniker,,,1698,1.0,,verified,,,exhausted,,,,
2026-09-08,jobscout24.ch,19,,,1511,,,,,,exhausted,,,,
2026-09-08,jobscout24.ch,Zimmermann,,,1386,0.11,,excluded,,,exhausted,,,,
2026-09-08,jobscout24.ch,Verkäufer,,,1294,0.96,,verified,,,exhausted,,,,
2026-09-08,jobscout24.ch,Mechaniker,,,1293,0.63,,broad,,,exhausted,,,,
2026-09-08,jobscout24.ch,Arzt,,,1239,0.81,,verified,,,exhausted,,,,
2026-09-08,jobscout24.ch,20,,,1012,,,,,,exhausted,,,,
2026-09-08,jobscout24.ch,Verkaufsberater,,,958,0.86,,verified,,,exhausted,,,,
2026-09-08,jobscout24.ch,Disponent,,,934,0.42,,broad,,,exhausted,,,,
2026-09-08,jobscout24.ch,10,,,909,,,,,,exhausted,,,,
2026-09-08,jobscout24.ch,Koch,,,905,0.69,,broad,,,exhausted,,,,
2026-09-08,jobscout24.ch,Mechatroniker,,,893,0.62,,broad,,,exhausted,,,,
2026-09-08,jobscout24.ch,2,,,821,,,,,,exhausted,,,,
2026-09-08,jobscout24.ch,Rezeptionist,,,738,0.04,,excluded,,,exhausted,,,,
2026-09-08,jobscout24.ch,3,,,713,,,,,,exhausted,,,,
2026-09-08,jobscout24.ch,4,,,711,,,,,,exhausted,,,,
2026-09-08,jobscout24.ch,Fachfrau Gesundheit EFZ,,,690,0.73,,verified,,,exhausted,,,,
2026-09-08,jobscout24.ch,Kranführer,,,686,0.98,,verified,,,exhausted,,,,
2026-09-08,jobscout24.ch,23,,,674,,,,,,exhausted,,,,
2026-09-08,jobscout24.ch,Gärtner,,,636,0.86,,verified,,,exhausted,,,,
2026-09-08,jobscout24.ch,5,,,622,,,,,,exhausted,,,,
2026-09-08,jobscout24.ch,7,,,590,,,,,,exhausted,,,,
2026-09-08,jobscout24.ch,Servicemitarbeiter,,,569,0.34,,broad,,,exhausted,,,,
2026-09-08,jobscout24.ch,Kassierer,,,561,0.09,,excluded,,,exhausted,,,,
2026-09-08,jobscout24.ch,Produktionsmitarbeiter,,,500,0.95,,verified,,,exhausted,,,,
2026-09-08,jobscout24.ch,Chauffeur,,,488,1.0,,verified,,,exhausted,,,,
2026-09-08,jobscout24.ch,Logistiker EFZ,,,480,0.88,,verified,,,exhausted,,,,
2026-09-08,jobscout24.ch,Detailhandelsassistent,,,454,0.94,,verified,,,exhausted,,,,
2026-09-08,jobscout24.ch,22,,,436,,,,,,exhausted,,,,
2026-09-08,jobscout24.ch,Betriebselektriker,,,427,0.97,,verified,,,exhausted,,,,
2026-09-08,jobscout24.ch,11,,,399,,,,,,exhausted,,,,
2026-09-08,jobscout24.ch,Laborant,,,318,0.26,,excluded,,,exhausted,,,,
2026-09-08,jobscout24.ch,21,,,271,,,,,,exhausted,,,,
2026-09-08,jobscout24.ch,Controller,,,259,0.94,,verified,,,exhausted,,,,
2026-09-08,jobscout24.ch,Elektroplaner,,,233,0.76,,verified,,,exhausted,,,,
2026-09-08,jobscout24.ch,16,,,225,,,,,,exhausted,,,,
2026-09-08,jobscout24.ch,Lagermitarbeiter,,,224,0.99,,verified,,,exhausted,,,,
2026-09-08,jobscout24.ch,Physiotherapeut,,,200,0.84,,verified,,,exhausted,,,,
2026-09-08,jobscout24.ch,12,,,193,,,,,,exhausted,,,,
2026-09-08,jobscout24.ch,Konstrukteur EFZ,,,164,0.63,,broad,,,exhausted,,,,
2026-09-08,jobscout24.ch,Gärtner EFZ,,,157,0.85,,verified,,,exhausted,,,,
2026-09-08,jobscout24.ch,Vorsorgeberater,,,144,0.44,,broad,,,exhausted,,,,
2026-09-08,jobscout24.ch,Fachfrau Operationstechnik,,,140,0.5,,broad,,,exhausted,,,,
2026-09-08,jobscout24.ch,Fachmann Operationstechnik,,,140,0.42,,broad,,,exhausted,,,,
2026-09-08,jobscout24.ch,Sozialpädagoge,,,138,0.64,,broad,,,exhausted,,,,
2026-09-08,jobscout24.ch,Versicherungsberater,,,137,0.21,,excluded,,,exhausted,,,,
2026-09-08,jobscout24.ch,Expertin Anästhesiepflege,,,116,0.49,,broad,,,exhausted,,,,
2026-09-08,jobscout24.ch,Systemadministrator,,,116,0.44,,broad,,,exhausted,,,,
2026-09-08,jobscout24.ch,1,,,111,,,,,,exhausted,,,,
2026-09-08,jobscout24.ch,14,,,100,,,,,,exhausted,,,,
2026-09-08,jobscout24.ch,Zolldeklarant,,,88,0.287,,excluded,,,exhausted,,,,
2026-09-08,jobscout24.ch,Netzelektriker EFZ,,,79,0.727,,verified,,,exhausted,,,,
2026-09-08,jobscout24.ch,Chef de Rang,,,75,0.656,,broad,,,exhausted,,,,
2026-09-08,jobscout24.ch,Radiologiefachmann,,,70,0.472,,broad,,,exhausted,,,,
2026-09-08,jobscout24.ch,Apotheker,,,63,0.565,,broad,,,exhausted,,,,
2026-09-08,jobscout24.ch,24,,,62,,,,,,exhausted,,,,
2026-09-08,jobscout24.ch,Kundenberater Privatkunden,,,62,0.764,,verified,,,exhausted,,,,
2026-09-08,jobscout24.ch,Kosmetiker,,,59,0.174,,excluded,,,exhausted,,,,
2026-09-08,jobscout24.ch,Juristischer Mitarbeiter,,,58,0.066,,excluded,,,exhausted,,,,
2026-09-08,jobscout24.ch,Wirt,,,50,0.96,,verified,,,exhausted,,,,
2026-09-08,jobscout24.ch,Restaurantfachmann,,,36,0.385,,broad,,,exhausted,,,,
2026-09-08,jobscout24.ch,Redaktor,,,21,0.619,,broad,,,exhausted,,,,
2026-09-08,jobscout24.ch,Kassenmitarbeiter,,,19,1.0,,verified,,,exhausted,,,,
2026-09-08,jobscout24.ch,Solarmonteur,,,19,0.889,,verified,,,exhausted,,,,
2026-09-08,jobscout24.ch,Anwendungstechniker,,,17,0.947,,verified,,,exhausted,,,,
2026-09-08,jobscout24.ch,Zimmermädchen,,,16,0.429,,broad,,,exhausted,,,,
2026-09-08,jobscout24.ch,17,,,15,,,,,,exhausted,,,,
2026-09-08,jobscout24.ch,Underwriter,,,15,1.0,,verified,,,exhausted,,,,
2026-09-08,jobscout24.ch,Reiseberater,,,14,0.917,,verified,,,exhausted,,,,
2026-09-08,jobscout24.ch,Lastwagenchauffeur,,,12,0.846,,verified,,,exhausted,,,,
2026-09-08,jobscout24.ch,Optiker,,,11,0.385,,broad,,,exhausted,,,,
2026-09-08,jobscout24.ch,Steuerkommissär,,,11,1.0,,verified,,,exhausted,,,,
2026-09-08,jobscout24.ch,Verwaltungssekretär,,,11,0.909,,verified,,,exhausted,,,,
2026-09-08,jobscout24.ch,Principal Scientist,,,10,0.5,,broad,,,exhausted,,,,
2026-09-08,jobscout24.ch,Sekundarlehrer,,,9,0.0,,excluded,,,exhausted,,,,
2026-09-08,jobscout24.ch,Fachverkäufer,,,8,1.0,,verified,,,exhausted,,,,
2026-09-08,jobscout24.ch,Animateur,,,7,0.846,,verified,,,exhausted,,,,
2026-09-08,jobscout24.ch,Lohnbuchhalter,,,7,0.857,,verified,,,exhausted,,,,
2026-09-08,jobscout24.ch,Speditionsfachmann,,,7,0.0,,excluded,,,exhausted,,,,
2026-09-08,jobscout24.ch,Zivilstandsbeamter,,,6,0.75,,verified,,,exhausted,,,,
2026-09-08,jobscout24.ch,Kanzleimitarbeiter,,,3,1.0,,verified,,,exhausted,,,,
2026-09-08,jobscout24.ch,Stadtschreiber,,,2,1.0,,verified,,,exhausted,,,,
2026-09-08,jobscout24.ch,Verwaltungsassistent,,,2,1.0,,verified,,,exhausted,,,,
2026-09-08,jobscout24.ch,Erntehelfer,,,1,,,unsampled,,,exhausted,,,,
2026-09-08,jobscout24.ch,Fachlehrer,,,1,0.5,,broad,,,exhausted,,,,
2026-09-08,jobscout24.ch,Managementberater,,,1,,,unsampled,,,exhausted,,,,
2026-09-08,jobscout24.ch,Buchbinder,,,0,,,unsampled,,,exhausted,,,,
2026-09-08,jobscout24.ch,Fertigungsmechaniker,,,0,,,unsampled,,,exhausted,,,,
2026-09-15,arbeit.swiss,222,,,11650,,,,,,exhausted,,,,
2026-09-15,arbeit.swiss,Pflegefachfrau,,,4465,0.92,0.92,verified,0.92,4108,exhausted,,,,
2026-09-15,arbeit.swiss,741,,,4298,,,,,,exhausted,,,,
2026-09-15,arbeit.swiss,711,,,4148,,,,,,exhausted,,,,
2026-09-15,arbeit.swiss,712,,,3886,,,,,,exhausted,,,,
2026-09-15,arbeit.swiss,322,,,3879,,,,,,exhausted,,,,
2026-09-15,arbeit.swiss,Kaufmann,,,3838,0.04,0.5,excluded,0.5,1919,exhausted,,,,
2026-09-15,arbeit.swiss,221,,,3355,,,,,,exhausted,,,,
2026-09-15,arbeit.swiss,311,,,2862,,,,,,exhausted,,,,
2026-09-15,arbeit.swiss,Arzt,,,2503,0.73,0.71,verified,0.71,1777,exhausted,,,,
2026-09-15,arbeit.swiss,720,,,2370,,,,,,exhausted,,,,
2026-09-15,arbeit.swiss,Polymechaniker,,,2292,0.41,0.48,broad,0.48,1100,exhausted,,,,
2026-09-15,arbeit.swiss,Fachfrau Gesundheit EFZ,,,2172,0.74,0.74,verified,0.74,1607,exhausted,,,,
2026-09-15,arbeit.swiss,524,,,1968,,,,,,exhausted,,,,
2026-09-15,arbeit.swiss,Projektleiter,,,1950,0.7,0.66,broad,0.66,1287,exhausted,,,,
2026-09-15,arbeit.swiss,723,,,1895,,,,,,exhausted,,,,
2026-09-15,arbeit.swiss,721,,,1845,,,,,,exhausted,,,,
2026-09-15,arbeit.swiss,Expertin Anästhesiepflege,,,1718,1.0,0.95,verified,0.95,1632,exhausted,,,,
2026-09-15,arbeit.swiss,411,,,1527,,,,,,exhausted,,,,
2026-09-15,arbeit.swiss,931,,,1410,,,,,,exhausted,,,,
2026-09-15,arbeit.swiss,Sachbearbeiter,,,1357,0.86,0.91,verified,0.91,1235,exhausted,,,,
2026-09-15,arbeit.swiss,513,,,1289,,,,,,exhausted,,,,
2026-09-15,arbeit.swiss,834,,,1289,,,,,,exhausted,,,,
2026-09-15,arbeit.swiss,333,,,1279,,,,,,exhausted,,,,
2026-09-15,arbeit.swiss,522,,,1255,,,,,,exhausted,,,,
2026-09-15,arbeit.swiss,251,,,1249,,,,,,exhausted,,,,
2026-09-15,arbeit.swiss,432,,,1157,,,,,,exhausted,,,,
2026-09-15,arbeit.swiss,Zimmermann,,,1079,0.72,0.75,verified,0.75,809,exhausted,,,,
2026-09-15,arbeit.swiss,512,,,1040,,,,,,exhausted,,,,
2026-09-15,arbeit.swiss,312,,,1032,,,,,,exhausted,,,,
2026-09-15,arbeit.swiss,441,,,982,,,,,,exhausted,,,,
2026-09-15,arbeit.swiss,911,,,971,,,,,,exhausted,,,,
2026-09-15,arbeit.swiss,611,,,960,,,,,,exhausted,,,,
2026-09-15,arbeit.swiss,515,,,953,,,,,,exhausted,,,,
2026-09-15,arbeit.swiss,332,,,936,,,,,,exhausted,,,,
2026-09-15,arbeit.swiss,713,,,928,,,,,,exhausted,,,,
2026-09-15,arbeit.swiss,214,,,864,,,,,,exhausted,,,,
2026-09-15,arbeit.swiss,242,,,864,,,,,,exhausted,,,,
2026-09-15,arbeit.swiss,Gärtner,,,797,0.79,0.89,verified,0.89,709,exhausted,,,,
2026-09-15,arbeit.swiss,Maler,,,795,0.83,0.9,verified,0.9,716,exhausted,,,,
2026-09-15,arbeit.swiss,Koch,,,786,0.66,0.75,broad,0.75,590,exhausted,,,,
2026-09-15,arbeit.swiss,132,,,731,,,,,,exhausted,,,,
2026-09-15,arbeit.swiss,241,,,700,,,,,,exhausted,,,,
2026-09-15,arbeit.swiss,Servicetechniker,,,680,0.73,0.78,verified,0.78,530,exhausted,,,,
2026-09-15,arbeit.swiss,331,,,663,,,,,,exhausted,,,,
2026-09-15,arbeit.swiss,325,,,659,,,,,,exhausted,,,,
2026-09-15,arbeit.swiss,Mechaniker,,,646,0.57,0.78,broad,0.78,504,exhausted,,,,
2026-09-15,arbeit.swiss,300,,,606,,,,,,exhausted,,,,
2026-09-15,arbeit.swiss,431,,,605,,,,,,exhausted,,,,
2026-09-15,arbeit.swiss,243,,,585,,,,,,exhausted,,,,
2026-09-15,arbeit.swiss,Logistiker EFZ,,,537,0.68,0.949,broad,0.949,510,exhausted,,,,
2026-09-15,arbeit.swiss,Chauffeur,,,529,0.84,1.0,verified,1.0,529,exhausted,,,,
2026-09-15,arbeit.swiss,810,,,521,,,,,,exhausted,,,,
2026-09-15,arbeit.swiss,341,,,515,,,,,,exhausted,,,,
2026-09-15,arbeit.swiss,933,,,511,,,,,,exhausted,,,,
2026-09-15,arbeit.swiss,Verkäufer,,,509,0.61,0.0,excluded,0.0,0,exhausted,,,,
2026-09-15,arbeit.swiss,121,,,496,,,,,,exhausted,,,,
2026-09-15,arbeit.swiss,Mechatroniker,,,490,0.39,,broad,,,exhausted,,,,
2026-09-15,arbeit.swiss,226,,,476,,,,,,exhausted,,,,
2026-09-15,arbeit.swiss,Fachfrau Operationstechnik,,,467,0.94,0.8,verified,0.8,374,exhausted,,,,
2026-09-15,arbeit.swiss,941,,,459,,,,,,exhausted,,,,
2026-09-15,arbeit.swiss,334,,,437,,,,,,exhausted,,,,
2026-09-15,arbeit.swiss,422,,,435,,,,,,exhausted,,,,
2026-09-15,arbeit.swiss,263,,,416,,,,,,exhausted,,,,
2026-09-15,arbeit.swiss,Elektroplaner,,,392,0.75,,verified,,,exhausted,,,,
2026-09-15,arbeit.swiss,532,,,388,,,,,,exhausted,,,,
2026-09-15,arbeit.swiss,Produktionsmitarbeiter,,,375,0.79,,verified,,,exhausted,,,,
2026-09-15,arbeit.swiss,112,,,367,,,,,,exhausted,,,,
2026-09-15,arbeit.swiss,261,,,365,,,,,,exhausted,,,,
2026-09-15,arbeit.swiss,Kranführer,,,362,0.73,,verified,,,exhausted,,,,
2026-09-15,arbeit.swiss,Fachmann Operationstechnik,,,343,0.97,,verified,,,exhausted,,,,
2026-09-15,arbeit.swiss,Kundenberater,,,340,0.78,,verified,,,exhausted,,,,
2026-09-15,arbeit.swiss,321,,,336,,,,,,exhausted,,,,
2026-09-15,arbeit.swiss,343,,,330,,,,,,exhausted,,,,
2026-09-15,arbeit.swiss,134,,,314,,,,,,exhausted,,,,
2026-09-15,arbeit.swiss,Physiotherapeut,,,313,0.58,,broad,,,exhausted,,,,
2026-09-15,arbeit.swiss,Verkaufsberater,,,306,0.87,,verified,,,exhausted,,,,
2026-09-15,arbeit.swiss,216,,,276,,,,,,exhausted,,,,
2026-09-15,arbeit.swiss,833,,,276,,,,,,exhausted,,,,
2026-09-15,arbeit.swiss,252,,,270,,,,,,exhausted,,,,
2026-09-15,arbeit.swiss,Gärtner EFZ,,,260,0.94,,verified,,,exhausted,,,,
2026-09-15,arbeit.swiss,351,,,258,,,,,,exhausted,,,,
2026-09-15,arbeit.swiss,Betriebselektriker,,,257,0.7,,verified,,,exhausted,,,,
2026-09-15,arbeit.swiss,Lagermitarbeiter,,,255,0.94,,verified,,,exhausted,,,,
2026-09-15,arbeit.swiss,541,,,254,,,,,,exhausted,,,,
2026-09-15,arbeit.swiss,731,,,245,,,,,,exhausted,,,,
2026-09-15,arbeit.swiss,122,,,242,,,,,,exhausted,,,,
2026-09-15,arbeit.swiss,250,,,242,,,,,,exhausted,,,,
2026-09-15,arbeit.swiss,830,,,235,,,,,,exhausted,,,,
2026-09-15,arbeit.swiss,Servicemitarbeiter,,,230,0.8,,verified,,,exhausted,,,,
2026-09-15,arbeit.swiss,722,,,212,,,,,,exhausted,,,,
2026-09-15,arbeit.swiss,335,,,210,,,,,,exhausted,,,,
2026-09-15,arbeit.swiss,200,,,208,,,,,,exhausted,,,,
2026-09-15,arbeit.swiss,751,,,204,,,,,,exhausted,,,,
2026-09-15,arbeit.swiss,Betriebsmechaniker,,,188,0.74,,verified,,,exhausted,,,,
2026-09-15,arbeit.swiss,742,,,171,,,,,,exhausted,,,,
2026-09-15,arbeit.swiss,752,,,158,,,,,,exhausted,,,,
2026-09-15,arbeit.swiss,Chef de Rang,,,151,0.83,,verified,,,exhausted,,,,
2026-09-15,arbeit.swiss,421,,,150,,,,,,exhausted,,,,
2026-09-15,arbeit.swiss,Netzelektriker EFZ,,,150,0.81,,verified,,,exhausted,,,,
2026-09-15,arbeit.swiss,235,,,148,,,,,,exhausted,,,,
2026-09-15,arbeit.swiss,Disponent,,,147,0.7,,verified,,,exhausted,,,,
2026-09-15,arbeit.swiss,Controller,,,140,0.7,,verified,,,exhausted,,,,
2026-09-15,arbeit.swiss,Sozialpädagoge,,,135,0.75,,verified,,,exhausted,,,,
2026-09-15,arbeit.swiss,141,,,124,,,,,,exhausted,,,,
2026-09-15,arbeit.swiss,514,,,111,,,,,,exhausted,,,,
2026-09-15,arbeit.swiss,Konstrukteur EFZ,,,103,0.68,,broad,,,exhausted,,,,
2026-09-15,arbeit.swiss,754,,,92,,,,,,exhausted,,,,
2026-09-15,arbeit.swiss,342,,,84,,,,,,exhausted,,,,
2026-09-15,arbeit.swiss,962,,,84,,,,,,exhausted,,,,
2026-09-15,arbeit.swiss,Laborant,,,78,0.731,,verified,,,exhausted,,,,
2026-09-15,arbeit.swiss,961,,,77,,,,,,exhausted,,,,
2026-09-15,arbeit.swiss,523,,,67,,,,,,exhausted,,,,
2026-09-15,arbeit.swiss,811,,,64,,,,,,exhausted,,,,
2026-09-15,arbeit.swiss,Versicherungsberater,,,63,0.74,,verified,,,exhausted,,,,
2026-09-15,arbeit.swiss,816,,,59,,,,,,exhausted,,,,
2026-09-15,arbeit.swiss,813,,,57,,,,,,exhausted,,,,
2026-09-15,arbeit.swiss,Detailhandelsassistent,,,55,0.26,,excluded,,,exhausted,,,,
2026-09-15,arbeit.swiss,Wirt,,,55,0.75,,verified,,,exhausted,,,,
2026-09-15,arbeit.swiss,732,,,53,,,,,,exhausted,,,,
2026-09-15,arbeit.swiss,815,,,53,,,,,,exhausted,,,,
2026-09-15,arbeit.swiss,832,,,53,,,,,,exhausted,,,,
2026-09-15,arbeit.swiss,142,,,51,,,,,,exhausted,,,,
2026-09-15,arbeit.swiss,212,,,51,,,,,,exhausted,,,,
2026-09-15,arbeit.swiss,821,,,44,,,,,,exhausted,,,,
2026-09-15,arbeit.swiss,111,,,43,,,,,,exhausted,,,,
2026-09-15,arbeit.swiss,264,,,42,,,,,,exhausted,,,,
2026-09-15,arbeit.swiss,Apotheker,,,42,0.795,,verified,,,exhausted,,,,
2026-09-15,arbeit.swiss,231,,,41,,,,,,exhausted,,,,
2026-09-15,arbeit.swiss,262,,,41,,,,,,exhausted,,,,
2026-09-15,arbeit.swiss,Rezeptionist,,,41,0.875,,verified,,,exhausted,,,,
2026-09-15,arbeit.swiss,213,,,38,,,,,,exhausted,,,,
2026-09-15,arbeit.swiss,Vorsorgeberater,,,36,0.775,,verified,,,exhausted,,,,
2026-09-15,arbeit.swiss,313,,,35,,,,,,exhausted,,,,
2026-09-15,arbeit.swiss,Zimmermädchen,,,33,0.71,,verified,,,exhausted,,,,
2026-09-15,arbeit.swiss,814,,,32,,,,,,exhausted,,,,
2026-09-15,arbeit.swiss,352,,,30,,,,,,exhausted,,,,
2026-09-15,arbeit.swiss,Kundenberater Privatkunden,,,29,0.806,,verified,,,exhausted,,,,
2026-09-15,arbeit.swiss,Lastwagenchauffeur,,,29,0.81,,verified,,,exhausted,,,,
2026-09-15,arbeit.swiss,Radiologiefachmann,,,29,0.7,,verified,,,exhausted,,,,
2026-09-15,arbeit.swiss,516,,,26,,,,,,exhausted,,,,
2026-09-15,arbeit.swiss,812,,,26,,,,,,exhausted,,,,
2026-09-15,arbeit.swiss,753,,,25,,,,,,exhausted,,,,
2026-09-15,arbeit.swiss,Animateur,,,25,0.789,,verified,,,exhausted,,,,
2026-09-15,arbeit.swiss,Restaurantfachmann,,,25,0.77,,verified,,,exhausted,,,,
2026-09-15,arbeit.swiss,211,,,23,,,,,,exhausted,,,,
2026-09-15,arbeit.swiss,621,,,22,,,,,,exhausted,,,,
2026-09-15,arbeit.swiss,Zolldeklarant,,,21,0.88,,verified,,,exhausted,,,,
2026-09-15,arbeit.swiss,230,,,20,,,,,,exhausted,,,,
2026-09-15,arbeit.swiss,Underwriter,,,20,0.9,,verified,,,exhausted,,,,
2026-09-15,arbeit.swiss,324,,,19,,,,,,exhausted,,,,
2026-09-15,arbeit.swiss,225,,,18,,,,,,exhausted,,,,
2026-09-15,arbeit.swiss,315,,,17,,,,,,exhausted,,,,
2026-09-15,arbeit.swiss,Solarmonteur,,,17,0.85,,verified,,,exhausted,,,,
2026-09-15,arbeit.swiss,223,,,16,,,,,,exhausted,,,,
2026-09-15,arbeit.swiss,Redaktor,,,16,0.938,,verified,,,exhausted,,,,
2026-09-15,arbeit.swiss,Systemadministrator,,,16,0.93,,verified,,,exhausted,,,,
2026-09-15,arbeit.swiss,612,,,13,,,,,,exhausted,,,,
2026-09-15,arbeit.swiss,Erntehelfer,,,13,0.882,,verified,,,exhausted,,,,
2026-09-15,arbeit.swiss,Kosmetiker,,,13,0.75,,verified,,,exhausted,,,,
2026-09-15,arbeit.swiss,Fachverkäufer,,,11,0.769,,verified,,,exhausted,,,,
2026-09-15,arbeit.swiss,Kassierer,,,10,0.8,,verified,,,exhausted,,,,
2026-09-15,arbeit.swiss,265,,,9,,,,,,exhausted,,,,
2026-09-15,arbeit.swiss,314,,,9,,,,,,exhausted,,,,
2026-09-15,arbeit.swiss,Optiker,,,9,0.5,,broad,,,exhausted,,,,
2026-09-15,arbeit.swiss,Steuerkommissär,,,9,1.0,,verified,,,exhausted,,,,
2026-09-15,arbeit.swiss,511,,,8,,,,,,exhausted,,,,
2026-09-15,arbeit.swiss,Anwendungstechniker,,,8,0.889,,verified,,,exhausted,,,,
2026-09-15,arbeit.swiss,Principal Scientist,,,8,0.833,,verified,,,exhausted,,,,
2026-09-15,arbeit.swiss,Verwaltungssekretär,,,7,0.857,,verified,,,exhausted,,,,
2026-09-15,arbeit.swiss,Kassenmitarbeiter,,,5,1.0,,verified,,,exhausted,,,,
2026-09-15,arbeit.swiss,Lohnbuchhalter,,,5,0.88,,verified,,,exhausted,,,,
2026-09-15,arbeit.swiss,Fachlehrer,,,4,0.78,,verified,,,exhausted,,,,
2026-09-15,arbeit.swiss,Juristischer Mitarbeiter,,,4,0.75,,verified,,,exhausted,,,,
2026-09-15,arbeit.swiss,817,,,3,,,,,,exhausted,,,,
2026-09-15,arbeit.swiss,Applikationstechniker,,,3,1.0,,verified,,,exhausted,,,,
2026-09-15,arbeit.swiss,Reiseberater,,,3,1.0,,verified,,,exhausted,,,,
2026-09-15,arbeit.swiss,Speditionsfachmann,,,3,1.0,,verified,,,exhausted,,,,
2026-09-15,arbeit.swiss,Verwaltungsassistent,,,3,1.0,,verified,,,exhausted,,,,
2026-09-15,arbeit.swiss,Zivilstandsbeamter,,,3,1.0,,verified,,,exhausted,,,,
2026-09-15,arbeit.swiss,Kanzleimitarbeiter,,,2,1.0,,verified,,,exhausted,,,,
2026-09-15,arbeit.swiss,323,,,1,,,,,,exhausted,,,,
2026-09-15,arbeit.swiss,622,,,1,,,,,,exhausted,,,,
2026-09-15,arbeit.swiss,700,,,1,,,,,,exhausted,,,,
2026-09-15,arbeit.swiss,835,,,1,,,,,,exhausted,,,,
2026-09-15,arbeit.swiss,Fertigungsmechaniker,,,1,1.0,,verified,,,exhausted,,,,
2026-09-15,arbeit.swiss,Stadtschreiber,,,1,1.0,,verified,,,exhausted,,,,
2026-09-15,arbeit.swiss,011,,,0,,,,,,exhausted,,,,
2026-09-15,arbeit.swiss,021,,,0,,,,,,exhausted,,,,
2026-09-15,arbeit.swiss,Buchbinder,,,0,1.0,,verified,,,exhausted,,,,
2026-09-15,arbeit.swiss,Managementberater,,,0,1.0,,verified,,,exhausted,,,,
2026-09-15,arbeit.swiss,Sekundarlehrer,,,0,1.0,,verified,,,exhausted,,,,
2026-09-15,jobs.ch,10,,healthcare_social,8010,,,,,,exhausted,,,,
2026-09-15,jobs.ch,6,,retail_wholesale,5877,,,,,,exhausted,,,,
2026-09-15,jobs.ch,112,,,4729,,,,,,exhausted,,,,
2026-09-15,jobs.ch,2,,construction_realestate,3108,,,,,,exhausted,,,,
2026-09-15,jobs.ch,110,,,3080,,,,,,exhausted,,,,
2026-09-15,jobs.ch,105,,,3055,,,,,,exhausted,,,,
2026-09-15,jobs.ch,100,,,2906,,,,,,exhausted,,,,
2026-09-15,jobs.ch,Verkäufer,,,2804,0.77,0.16,excluded,0.16,449,exhausted,,,,
2026-09-15,jobs.ch,Pflegefachfrau,,,2657,0.99,0.07,excluded,0.07,186,exhausted,,,,
2026-09-15,jobs.ch,Projektleiter,,,2332,0.98,0.16,excluded,0.16,373,exhausted,,,,
2026-09-15,jobs.ch,16,,public_admin,2294,,,,,,exhausted,,,,
2026-09-15,jobs.ch,12,,manufacturing_diverse,2206,,,,,,exhausted,,,,
2026-09-15,jobs.ch,Verkaufsberater,,,2134,0.45,0.19,excluded,0.19,405,exhausted,,,,
2026-09-15,jobs.ch,111,,,1984,,,,,,exhausted,,,,
2026-09-15,jobs.ch,109,,,1863,,,,,,exhausted,,,,
2026-09-15,jobs.ch,106,,,1682,,,,,,exhausted,,,,
2026-09-15,jobs.ch,Kaufmann,,,1604,0.71,0.0,excluded,0.0,0,exhausted,,,,
2026-09-15,jobs.ch,101,,,1533,,,,,,exhausted,,,,
2026-09-15,jobs.ch,102,,,1513,,,,,,exhausted,,,,
2026-09-15,jobs.ch,Mechaniker,,,1479,0.84,0.56,broad,0.56,828,exhausted,,,,
2026-09-15,jobs.ch,108,,,1472,,,,,,exhausted,,,,
2026-09-15,jobs.ch,Betriebsmechaniker,,,1429,0.39,0.0,excluded,0.0,0,exhausted,,,,
2026-09-15,jobs.ch,Fertigungsmechaniker,,,1427,0.0,0.0,excluded,0.0,0,exhausted,,,,
2026-09-15,jobs.ch,114,,,1407,,,,,,exhausted,,,,
2026-09-15,jobs.ch,22,,machinery,1352,,,,,,exhausted,,,,
2026-09-15,jobs.ch,Polymechaniker,,,1272,0.87,0.07,excluded,0.07,89,exhausted,,,,
2026-09-15,jobs.ch,113,,,1252,,,,,,exhausted,,,,
2026-09-15,jobs.ch,9,,hospitality,1182,,,,,,exhausted,,,,
2026-09-15,jobs.ch,13,,ict_telecom,1154,,,,,,exhausted,,,,
2026-09-15,jobs.ch,Sachbearbeiter,,,1120,0.93,0.6,broad,0.6,672,exhausted,,,,
2026-09-15,jobs.ch,Arzt,,,1082,0.88,0.65,broad,0.65,703,exhausted,,,,
2026-09-15,jobs.ch,18,,transport_logistics,1074,,,,,,exhausted,,,,
2026-09-15,jobs.ch,Koch,,,1063,0.98,1.0,verified,1.0,1063,exhausted,,,,
2026-09-15,jobs.ch,7,,services_diverse,1054,,,,,,exhausted,,,,
2026-09-15,jobs.ch,Anwendungstechniker,,,1026,0.07,0.02,excluded,0.02,21,exhausted,,,,
2026-09-15,jobs.ch,20,,insurance,982,,,,,,exhausted,,,,
2026-09-15,jobs.ch,Fachfrau Gesundheit EFZ,,,911,0.72,0.81,verified,0.81,738,exhausted,,,,
2026-09-15,jobs.ch,Fachverkäufer,,,878,0.03,0.0,excluded,0.0,0,exhausted,,,,
2026-09-15,jobs.ch,4,,education,824,,,,,,exhausted,,,,
2026-09-15,jobs.ch,Zimmermann,,,803,0.13,0.01,excluded,0.01,8,exhausted,,,,
2026-09-15,jobs.ch,1,,banking_financial,762,,,,,,exhausted,,,,
2026-09-15,jobs.ch,103,,,738,,,,,,exhausted,,,,
2026-09-15,jobs.ch,11,,crafts_trades,736,,,,,,exhausted,,,,
2026-09-15,jobs.ch,Servicetechniker,,,731,0.98,0.78,verified,0.78,570,exhausted,,,,
2026-09-15,jobs.ch,23,,medical_technology,706,,,,,,exhausted,,,,
2026-09-15,jobs.ch,19,,legal_business_advisory,625,,,,,,exhausted,,,,
2026-09-15,jobs.ch,Kundenberater,,,591,0.77,0.587,broad,0.587,347,exhausted,,,,
2026-09-15,jobs.ch,Mechatroniker,,,562,0.88,1.0,verified,1.0,562,exhausted,,,,
2026-09-15,jobs.ch,21,,consumer_luxury,559,,,,,,exhausted,,,,
2026-09-15,jobs.ch,Applikationstechniker,,,530,0.03,0.0,excluded,0.0,0,exhausted,,,,
2026-09-15,jobs.ch,Detailhandelsassistent,,,486,0.72,,verified,,,exhausted,,,,
2026-09-15,jobs.ch,5,,life_sciences,483,,,,,,exhausted,,,,
2026-09-15,jobs.ch,Chauffeur,,,441,0.99,,verified,,,exhausted,,,,
2026-09-15,jobs.ch,Logistiker EFZ,,,427,0.8,,verified,,,exhausted,,,,
2026-09-15,jobs.ch,Lastwagenchauffeur,,,424,0.03,,excluded,,,exhausted,,,,
2026-09-15,jobs.ch,Gärtner,,,406,0.47,,broad,,,exhausted,,,,
2026-09-15,jobs.ch,Maler,,,366,0.58,,broad,,,exhausted,,,,
2026-09-15,jobs.ch,104,,,363,,,,,,exhausted,,,,
2026-09-15,jobs.ch,17,,tourism_leisure,324,,,,,,exhausted,,,,
2026-09-15,jobs.ch,Fachlehrer,,,322,0.0,,excluded,,,exhausted,,,,
2026-09-15,jobs.ch,Servicemitarbeiter,,,321,0.11,,excluded,,,exhausted,,,,
2026-09-15,jobs.ch,107,,,290,,,,,,exhausted,,,,
2026-09-15,jobs.ch,116,,,287,,,,,,exhausted,,,,
2026-09-15,jobs.ch,Erntehelfer,,,273,0.0,,excluded,,,exhausted,,,,
2026-09-15,jobs.ch,Produktionsmitarbeiter,,,270,0.44,,broad,,,exhausted,,,,
2026-09-15,jobs.ch,Wirt,,,256,0.02,,excluded,,,exhausted,,,,
2026-09-15,jobs.ch,Elektroplaner,,,233,0.21,,excluded,,,exhausted,,,,
2026-09-15,jobs.ch,Betriebselektriker,,,231,0.54,,broad,,,exhausted,,,,
2026-09-15,jobs.ch,Versicherungsberater,,,197,0.35,,broad,,,exhausted,,,,
2026-09-15,jobs.ch,Sozialpädagoge,,,193,0.38,,broad,,,exhausted,,,,
2026-09-15,jobs.ch,Juristischer Mitarbeiter,,,192,0.02,,excluded,,,exhausted,,,,
2026-09-15,jobs.ch,Principal Scientist,,,185,0.06,,excluded,,,exhausted,,,,
2026-09-15,jobs.ch,Lagermitarbeiter,,,183,0.31,,broad,,,exhausted,,,,
2026-09-15,jobs.ch,Controller,,,180,0.54,,broad,,,exhausted,,,,
2026-09-15,jobs.ch,Disponent,,,154,0.66,,broad,,,exhausted,,,,
2026-09-15,jobs.ch,Gärtner EFZ,,,150,0.84,,verified,,,exhausted,,,,
2026-09-15,jobs.ch,Rezeptionist,,,150,0.11,,excluded,,,exhausted,,,,
2026-09-15,jobs.ch,117,,,148,,,,,,exhausted,,,,
2026-09-15,jobs.ch,Optiker,,,145,0.88,,verified,,,exhausted,,,,
2026-09-15,jobs.ch,15,,media_publishing,127,,,,,,exhausted,,,,
2026-09-15,jobs.ch,Vorsorgeberater,,,123,0.45,,broad,,,exhausted,,,,
2026-09-15,jobs.ch,Kundenberater Privatkunden,,,116,0.57,,broad,,,exhausted,,,,
2026-09-15,jobs.ch,Physiotherapeut,,,116,0.72,,verified,,,exhausted,,,,
2026-09-15,jobs.ch,3,,consulting_diverse,111,,,,,,exhausted,,,,
2026-09-15,jobs.ch,Fachfrau Operationstechnik,,,109,0.49,,broad,,,exhausted,,,,
2026-09-15,jobs.ch,Fachmann Operationstechnik,,,107,0.38,,broad,,,exhausted,,,,
2026-09-15,jobs.ch,Restaurantfachmann,,,102,0.17,,excluded,,,exhausted,,,,
2026-09-15,jobs.ch,Chef de Rang,,,101,0.4,,broad,,,exhausted,,,,
2026-09-15,jobs.ch,Netzelektriker EFZ,,,94,0.64,,broad,,,exhausted,,,,
2026-09-15,jobs.ch,Apotheker,,,91,0.337,,broad,,,exhausted,,,,
2026-09-15,jobs.ch,Kranführer,,,89,0.292,,excluded,,,exhausted,,,,
2026-09-15,jobs.ch,Laborant,,,89,0.576,,broad,,,exhausted,,,,
2026-09-15,jobs.ch,Expertin Anästhesiepflege,,,82,0.533,,broad,,,exhausted,,,,
2026-09-15,jobs.ch,Kassenmitarbeiter,,,70,0.165,,excluded,,,exhausted,,,,
2026-09-15,jobs.ch,Konstrukteur EFZ,,,70,0.76,,verified,,,exhausted,,,,
2026-09-15,jobs.ch,Speditionsfachmann,,,68,0.0,,excluded,,,exhausted,,,,
2026-09-15,jobs.ch,14,,agriculture,64,,,,,,exhausted,,,,
2026-09-15,jobs.ch,Kassierer,,,63,0.532,,broad,,,exhausted,,,,
2026-09-15,jobs.ch,Zimmermädchen,,,49,0.06,,excluded,,,exhausted,,,,
2026-09-15,jobs.ch,Systemadministrator,,,48,0.25,,excluded,,,exhausted,,,,
2026-09-15,jobs.ch,115,,,47,,,,,,exhausted,,,,
2026-09-15,jobs.ch,24,,hr_recruiting,41,,,,,,exhausted,,,,
2026-09-15,jobs.ch,Managementberater,,,35,0.03,,excluded,,,exhausted,,,,
2026-09-15,jobs.ch,Radiologiefachmann,,,35,0.639,,broad,,,exhausted,,,,
2026-09-15,jobs.ch,Redaktor,,,28,0.4,,broad,,,exhausted,,,,
2026-09-15,jobs.ch,Kosmetiker,,,26,0.45,,broad,,,exhausted,,,,
2026-09-15,jobs.ch,Stadtschreiber,,,24,0.111,,excluded,,,exhausted,,,,
2026-09-15,jobs.ch,Underwriter,,,22,0.57,,broad,,,exhausted,,,,
2026-09-15,jobs.ch,Solarmonteur,,,20,0.158,,excluded,,,exhausted,,,,
2026-09-15,jobs.ch,Steuerkommissär,,,17,0.476,,broad,,,exhausted,,,,
2026-09-15,jobs.ch,Zolldeklarant,,,17,0.32,,broad,,,exhausted,,,,
2026-09-15,jobs.ch,Verwaltungsassistent,,,15,0.167,,excluded,,,exhausted,,,,
2026-09-15,jobs.ch,Reiseberater,,,12,0.09,,excluded,,,exhausted,,,,
2026-09-15,jobs.ch,Verwaltungssekretär,,,12,0.667,,broad,,,exhausted,,,,
2026-09-15,jobs.ch,Zivilstandsbeamter,,,11,0.455,,broad,,,exhausted,,,,
2026-09-15,jobs.ch,Animateur,,,10,0.444,,broad,,,exhausted,,,,
2026-09-15,jobs.ch,Kanzleimitarbeiter,,,6,0.375,,broad,,,exhausted,,,,
2026-09-15,jobs.ch,Buchbinder,,,4,0.0,,excluded,,,exhausted,,,,
2026-09-15,jobs.ch,Lohnbuchhalter,,,4,0.0,,excluded,,,exhausted,,,,
2026-09-15,jobs.ch,Sekundarlehrer,,,0,1.0,,verified,,,exhausted,,,,
2026-09-15,jobscout24.ch,18,,,7213,,,,,,exhausted,,,,
2026-09-15,jobscout24.ch,13,,,4861,,,,,,exhausted,,,,
2026-09-15,jobscout24.ch,industry:13,,healthcare_social,4861,,,,,,exhausted,,,,
2026-09-15,jobscout24.ch,15,,,4369,,,,,,exhausted,,,,
2026-09-15,jobscout24.ch,Kaufmann,,,4017,0.44,,broad,,,exhausted,,,,
2026-09-15,jobscout24.ch,Pflegefachfrau,,,3720,0.23,,excluded,,,exhausted,,,,
2026-09-15,jobscout24.ch,Projektleiter,,,3419,0.88,,verified,,,exhausted,,,,
2026-09-15,jobscout24.ch,Maler,,,3041,0.18,,excluded,,,exhausted,,,,
2026-09-15,jobscout24.ch,Polymechaniker,,,2627,0.93,,verified,,,exhausted,,,,
2026-09-15,jobscout24.ch,6,,,2512,,,,,,exhausted,,,,
2026-09-15,jobscout24.ch,Sachbearbeiter,,,2273,1.0,,verified,,,exhausted,,,,
2026-09-15,jobscout24.ch,Kundenberater,,,2003,0.24,,excluded,,,exhausted,,,,
2026-09-15,jobscout24.ch,8,,,1831,,,,,,exhausted,,,,
2026-09-15,jobscout24.ch,industry:8,,ict_telecom,1831,,,,,,exhausted,,,,
2026-09-15,jobscout24.ch,Servicetechniker,,,1705,1.0,,verified,,,exhausted,,,,
2026-09-15,jobscout24.ch,19,,,1459,,,,,,exhausted,,,,
2026-09-15,jobscout24.ch,industry:19,,transport_logistics,1459,,,,,,exhausted,,,,
2026-09-15,jobscout24.ch,Zimmermann,,,1391,0.11,,excluded,,,exhausted,,,,
2026-09-15,jobscout24.ch,Verkäufer,,,1312,0.96,,verified,,,exhausted,,,,
2026-09-15,jobscout24.ch,Mechaniker,,,1289,0.63,,broad,,,exhausted,,,,
2026-09-15,jobscout24.ch,Arzt,,,1226,0.81,,verified,,,exhausted,,,,
2026-09-15,jobscout24.ch,Disponent,,,946,0.42,,broad,,,exhausted,,,,
2026-09-15,jobscout24.ch,Koch,,,926,0.69,,broad,,,exhausted,,,,
2026-09-15,jobscout24.ch,Verkaufsberater,,,907,0.86,,verified,,,exhausted,,,,
2026-09-15,jobscout24.ch,Mechatroniker,,,893,0.62,,broad,,,exhausted,,,,
2026-09-15,jobscout24.ch,10,,,885,,,,,,exhausted,,,,
2026-09-15,jobscout24.ch,industry:10,,hr_recruiting,885,,,,,,exhausted,,,,
2026-09-15,jobscout24.ch,2,,,850,,,,,,exhausted,,,,
2026-09-15,jobscout24.ch,industry:2,,banking_financial,850,,,,,,exhausted,,,,
2026-09-15,jobscout24.ch,20,,,780,,,,,,exhausted,,,,
2026-09-15,jobscout24.ch,4,,,759,,,,,,exhausted,,,,
2026-09-15,jobscout24.ch,3,,,748,,,,,,exhausted,,,,
2026-09-15,jobscout24.ch,Rezeptionist,,,748,0.04,,excluded,,,exhausted,,,,
2026-09-15,jobscout24.ch,Fachfrau Gesundheit EFZ,,,697,0.73,,verified,,,exhausted,,,,
2026-09-15,jobscout24.ch,Kranführer,,,697,0.98,,verified,,,exhausted,,,,
2026-09-15,jobscout24.ch,23,,,680,,,,,,exhausted,,,,
2026-09-15,jobscout24.ch,5,,,646,,,,,,exhausted,,,,
2026-09-15,jobscout24.ch,industry:5,,insurance,646,,,,,,exhausted,,,,
2026-09-15,jobscout24.ch,Gärtner,,,631,0.86,,verified,,,exhausted,,,,
2026-09-15,jobscout24.ch,Servicemitarbeiter,,,590,0.34,,broad,,,exhausted,,,,
2026-09-15,jobscout24.ch,7,,,574,,,,,,exhausted,,,,
2026-09-15,jobscout24.ch,Kassierer,,,556,0.09,,excluded,,,exhausted,,,,
2026-09-15,jobscout24.ch,Produktionsmitarbeiter,,,506,0.95,,verified,,,exhausted,,,,
2026-09-15,jobscout24.ch,Chauffeur,,,502,1.0,,verified,,,exhausted,,,,
2026-09-15,jobscout24.ch,Logistiker EFZ,,,488,0.88,,verified,,,exhausted,,,,
2026-09-15,jobscout24.ch,Detailhandelsassistent,,,479,0.94,,verified,,,exhausted,,,,
2026-09-15,jobscout24.ch,22,,,435,,,,,,exhausted,,,,
2026-09-15,jobscout24.ch,Betriebselektriker,,,421,0.97,,verified,,,exhausted,,,,
2026-09-15,jobscout24.ch,11,,,398,,,,,,exhausted,,,,
2026-09-15,jobscout24.ch,Betriebsmechaniker,,,355,0.91,,verified,,,exhausted,,,,
2026-09-15,jobscout24.ch,Laborant,,,327,0.26,,excluded,,,exhausted,,,,
2026-09-15,jobscout24.ch,21,,,266,,,,,,exhausted,,,,
2026-09-15,jobscout24.ch,Controller,,,260,0.94,,verified,,,exhausted,,,,
2026-09-15,jobscout24.ch,16,,,248,,,,,,exhausted,,,,
2026-09-15,jobscout24.ch,Elektroplaner,,,247,0.76,,verified,,,exhausted,,,,
2026-09-15,jobscout24.ch,Lagermitarbeiter,,,229,0.99,,verified,,,exhausted,,,,
2026-09-15,jobscout24.ch,12,,,195,,,,,,exhausted,,,,
2026-09-15,jobscout24.ch,Physiotherapeut,,,191,0.84,,verified,,,exhausted,,,,
2026-09-15,jobscout24.ch,Konstrukteur EFZ,,,154,0.63,,broad,,,exhausted,,,,
2026-09-15,jobscout24.ch,Systemadministrator,,,151,0.44,,broad,,,exhausted,,,,
2026-09-15,jobscout24.ch,Gärtner EFZ,,,148,0.85,,verified,,,exhausted,,,,
2026-09-15,jobscout24.ch,Vorsorgeberater,,,144,0.44,,broad,,,exhausted,,,,
2026-09-15,jobscout24.ch,Sozialpädagoge,,,143,0.64,,broad,,,exhausted,,,,
2026-09-15,jobscout24.ch,Fachfrau Operationstechnik,,,135,0.5,,broad,,,exhausted,,,,
2026-09-15,jobscout24.ch,Fachmann Operationstechnik,,,135,0.42,,broad,,,exhausted,,,,
2026-09-15,jobscout24.ch,Versicherungsberater,,,135,0.21,,excluded,,,exhausted,,,,
2026-09-15,jobscout24.ch,1,,,125,,,,,,exhausted,,,,
2026-09-15,jobscout24.ch,Expertin Anästhesiepflege,,,121,0.49,,broad,,,exhausted,,,,
2026-09-15,jobscout24.ch,14,,,102,,,,,,exhausted,,,,
2026-09-15,jobscout24.ch,industry:14,,education,102,,,,,,exhausted,,,,
2026-09-15,jobscout24.ch,Netzelektriker EFZ,,,94,0.727,,verified,,,exhausted,,,,
2026-09-15,jobscout24.ch,Zolldeklarant,,,90,0.287,,excluded,,,exhausted,,,,
2026-09-15,jobscout24.ch,24,,,75,,,,,,exhausted,,,,
2026-09-15,jobscout24.ch,industry:24,,agriculture,75,,,,,,exhausted,,,,
2026-09-15,jobscout24.ch,Chef de Rang,,,74,0.656,,broad,,,exhausted,,,,
2026-09-15,jobscout24.ch,Radiologiefachmann,,,69,0.472,,broad,,,exhausted,,,,
2026-09-15,jobscout24.ch,Apotheker,,,61,0.565,,broad,,,exhausted,,,,
2026-09-15,jobscout24.ch,Kundenberater Privatkunden,,,59,0.764,,verified,,,exhausted,,,,
2026-09-15,jobscout24.ch,Juristischer Mitarbeiter,,,58,0.066,,excluded,,,exhausted,,,,
2026-09-15,jobscout24.ch,Kosmetiker,,,49,0.174,,excluded,,,exhausted,,,,
2026-09-15,jobscout24.ch,Wirt,,,49,0.96,,verified,,,exhausted,,,,
2026-09-15,jobscout24.ch,Restaurantfachmann,,,36,0.385,,broad,,,exhausted,,,,
2026-09-15,jobscout24.ch,Redaktor,,,21,0.619,,broad,,,exhausted,,,,
2026-09-15,jobscout24.ch,Solarmonteur,,,20,0.889,,verified,,,exhausted,,,,
2026-09-15,jobscout24.ch,17,,,17,,,,,,exhausted,,,,
2026-09-15,jobscout24.ch,Anwendungstechniker,,,16,0.947,,verified,,,exhausted,,,,
2026-09-15,jobscout24.ch,Kassenmitarbeiter,,,16,1.0,,verified,,,exhausted,,,,
2026-09-15,jobscout24.ch,Underwriter,,,16,1.0,,verified,,,exhausted,,,,
2026-09-15,jobscout24.ch,Reiseberater,,,15,0.917,,verified,,,exhausted,,,,
2026-09-15,jobscout24.ch,Lastwagenchauffeur,,,12,0.846,,verified,,,exhausted,,,,
2026-09-15,jobscout24.ch,Optiker,,,12,0.385,,broad,,,exhausted,,,,
2026-09-15,jobscout24.ch,Steuerkommissär,,,11,1.0,,verified,,,exhausted,,,,
2026-09-15,jobscout24.ch,Verwaltungssekretär,,,9,0.909,,verified,,,exhausted,,,,
2026-09-15,jobscout24.ch,Zimmermädchen,,,9,0.429,,broad,,,exhausted,,,,
2026-09-15,jobscout24.ch,Speditionsfachmann,,,8,0.0,,excluded,,,exhausted,,,,
2026-09-15,jobscout24.ch,Fachverkäufer,,,7,1.0,,verified,,,exhausted,,,,
2026-09-15,jobscout24.ch,Lohnbuchhalter,,,7,0.857,,verified,,,exhausted,,,,
2026-09-15,jobscout24.ch,Principal Scientist,,,7,0.5,,broad,,,exhausted,,,,
2026-09-15,jobscout24.ch,Animateur,,,6,0.846,,verified,,,exhausted,,,,
2026-09-15,jobscout24.ch,Verwaltungsassistent,,,6,1.0,,verified,,,exhausted,,,,
2026-09-15,jobscout24.ch,Zivilstandsbeamter,,,6,0.75,,verified,,,exhausted,,,,
2026-09-15,jobscout24.ch,Sekundarlehrer,,,5,0.0,,excluded,,,exhausted,,,,
2026-09-15,jobscout24.ch,Applikationstechniker,,,4,1.0,,verified,,,exhausted,,,,
2026-09-15,jobscout24.ch,Kanzleimitarbeiter,,,3,1.0,,verified,,,exhausted,,,,
2026-09-15,jobscout24.ch,Fachlehrer,,,2,0.5,,broad,,,exhausted,,,,
2026-09-15,jobscout24.ch,Stadtschreiber,,,2,1.0,,verified,,,exhausted,,,,
2026-09-15,jobscout24.ch,Erntehelfer,,,1,,,unsampled,,,exhausted,,,,
2026-09-15,jobscout24.ch,Buchbinder,,,0,,,unsampled,,,exhausted,,,,
2026-09-15,jobscout24.ch,Fertigungsmechaniker,,,0,,,unsampled,,,exhausted,,,,
2026-09-15,jobscout24.ch,Managementberater,,,0,,,unsampled,,,exhausted,,,,
2026-09-22,arbeit.swiss,222,,,12734,,,,,,exhausted,,,,
2026-09-22,arbeit.swiss,741,,,4540,,,,,,exhausted,,,,
2026-09-22,arbeit.swiss,711,,,4485,,,,,,exhausted,,,,
2026-09-22,arbeit.swiss,Pflegefachfrau,,,4388,0.92,0.92,verified,0.92,4037,exhausted,,,,
2026-09-22,arbeit.swiss,712,,,3979,,,,,,exhausted,,,,
2026-09-22,arbeit.swiss,322,,,3977,,,,,,exhausted,,,,
2026-09-22,arbeit.swiss,Kaufmann,,,3942,0.04,0.5,excluded,0.5,1971,exhausted,,,,
2026-09-22,arbeit.swiss,311,,,3112,,,,,,exhausted,,,,
2026-09-22,arbeit.swiss,720,,,2459,,,,,,exhausted,,,,
2026-09-22,arbeit.swiss,221,,,2445,,,,,,exhausted,,,,
2026-09-22,arbeit.swiss,Polymechaniker,,,2385,0.41,0.48,broad,0.48,1145,exhausted,,,,
2026-09-22,arbeit.swiss,Expertin Anästhesiepflege,,,2355,1.0,0.95,verified,0.95,2237,exhausted,,,,
2026-09-22,arbeit.swiss,Fachfrau Gesundheit EFZ,,,2259,0.74,0.74,verified,0.74,1672,exhausted,,,,
2026-09-22,arbeit.swiss,Projektleiter,,,2081,0.7,0.66,broad,0.66,1373,exhausted,,,,
2026-09-22,arbeit.swiss,723,,,2001,,,,,,exhausted,,,,
2026-09-22,arbeit.swiss,524,,,1955,,,,,,exhausted,,,,
2026-09-22,arbeit.swiss,721,,,1940,,,,,,exhausted,,,,
2026-09-22,arbeit.swiss,411,,,1574,,,,,,exhausted,,,,
2026-09-22,arbeit.swiss,Arzt,,,1519,0.73,0.71,verified,0.71,1078,exhausted,,,,
2026-09-22,arbeit.swiss,931,,,1406,,,,,,exhausted,,,,
2026-09-22,arbeit.swiss,834,,,1379,,,,,,exhausted,,,,
2026-09-22,arbeit.swiss,Sachbearbeiter,,,1367,0.86,0.91,verified,0.91,1244,exhausted,,,,
2026-09-22,arbeit.swiss,333,,,1328,,,,,,exhausted,,,,
2026-09-22,arbeit.swiss,522,,,1310,,,,,,exhausted,,,,
2026-09-22,arbeit.swiss,251,,,1308,,,,,,exhausted,,,,
2026-09-22,arbeit.swiss,513,,,1232,,,,,,exhausted,,,,
2026-09-22,arbeit.swiss,312,,,1191,,,,,,exhausted,,,,
2026-09-22,arbeit.swiss,432,,,1187,,,,,,exhausted,,,,
2026-09-22,arbeit.swiss,Zimmermann,,,1152,0.72,0.75,verified,0.75,864,exhausted,,,,
2026-09-22,arbeit.swiss,512,,,1026,,,,,,exhausted,,,,
2026-09-22,arbeit.swiss,611,,,1025,,,,,,exhausted,,,,
2026-09-22,arbeit.swiss,332,,,992,,,,,,exhausted,,,,
2026-09-22,arbeit.swiss,713,,,963,,,,,,exhausted,,,,
2026-09-22,arbeit.swiss,515,,,960,,,,,,exhausted,,,,
2026-09-22,arbeit.swiss,441,,,943,,,,,,exhausted,,,,
2026-09-22,arbeit.swiss,242,,,911,,,,,,exhausted,,,,
2026-09-22,arbeit.swiss,214,,,872,,,,,,exhausted,,,,
2026-09-22,arbeit.swiss,Gärtner,,,862,0.79,0.89,verified,0.89,767,exhausted,,,,
2026-09-22,arbeit.swiss,911,,,836,,,,,,exhausted,,,,
2026-09-22,arbeit.swiss,132,,,832,,,,,,exhausted,,,,
2026-09-22,arbeit.swiss,Maler,,,811,0.83,0.9,verified,0.9,730,exhausted,,,,
2026-09-22,arbeit.swiss,Koch,,,799,0.66,0.75,broad,0.75,599,exhausted,,,,
2026-09-22,arbeit.swiss,241,,,785,,,,,,exhausted,,,,
2026-09-22,arbeit.swiss,Servicetechniker,,,709,0.73,0.78,verified,0.78,553,exhausted,,,,
2026-09-22,arbeit.swiss,331,,,689,,,,,,exhausted,,,,
2026-09-22,arbeit.swiss,Mechaniker,,,674,0.57,0.78,broad,0.78,526,exhausted,,,,
2026-09-22,arbeit.swiss,431,,,615,,,,,,exhausted,,,,
2026-09-22,arbeit.swiss,300,,,603,,,,,,exhausted,,,,
2026-09-22,arbeit.swiss,810,,,568,,,,,,exhausted,,,,
2026-09-22,arbeit.swiss,Logistiker EFZ,,,563,0.68,0.949,broad,0.949,534,exhausted,,,,
2026-09-22,arbeit.swiss,243,,,562,,,,,,exhausted,,,,
2026-09-22,arbeit.swiss,121,,,558,,,,,,exhausted,,,,
2026-09-22,arbeit.swiss,325,,,558,,,,,,exhausted,,,,
2026-09-22,arbeit.swiss,Chauffeur,,,549,0.84,1.0,verified,1.0,549,exhausted,,,,
2026-09-22,arbeit.swiss,Mechatroniker,,,530,0.39,,broad,,,exhausted,,,,
2026-09-22,arbeit.swiss,341,,,517,,,,,,exhausted,,,,
2026-09-22,arbeit.swiss,933,,,509,,,,,,exhausted,,,,
2026-09-22,arbeit.swiss,226,,,494,,,,,,exhausted,,,,
2026-09-22,arbeit.swiss,334,,,489,,,,,,exhausted,,,,
2026-09-22,arbeit.swiss,Verkäufer,,,485,0.61,0.0,excluded,0.0,0,exhausted,,,,
2026-09-22,arbeit.swiss,263,,,442,,,,,,exhausted,,,,
2026-09-22,arbeit.swiss,941,,,440,,,,,,exhausted,,,,
2026-09-22,arbeit.swiss,422,,,426,,,,,,exhausted,,,,
2026-09-22,arbeit.swiss,Elektroplaner,,,423,0.75,,verified,,,exhausted,,,,
2026-09-22,arbeit.swiss,Kundenberater,,,403,0.78,,verified,,,exhausted,,,,
2026-09-22,arbeit.swiss,Fachfrau Operationstechnik,,,397,0.94,0.8,verified,0.8,318,exhausted,,,,
2026-09-22,arbeit.swiss,112,,,387,,,,,,exhausted,,,,
2026-09-22,arbeit.swiss,532,,,381,,,,,,exhausted,,,,
2026-09-22,arbeit.swiss,Produktionsmitarbeiter,,,379,0.79,,verified,,,exhausted,,,,
2026-09-22,arbeit.swiss,Kranführer,,,373,0.73,,verified,,,exhausted,,,,
2026-09-22,arbeit.swiss,261,,,358,,,,,,exhausted,,,,
2026-09-22,arbeit.swiss,134,,,355,,,,,,exhausted,,,,
2026-09-22,arbeit.swiss,343,,,353,,,,,,exhausted,,,,
2026-09-22,arbeit.swiss,321,,,345,,,,,,exhausted,,,,
2026-09-22,arbeit.swiss,Physiotherapeut,,,314,0.58,,broad,,,exhausted,,,,
2026-09-22,arbeit.swiss,833,,,291,,,,,,exhausted,,,,
2026-09-22,arbeit.swiss,Gärtner EFZ,,,291,0.94,,verified,,,exhausted,,,,
2026-09-22,arbeit.swiss,Verkaufsberater,,,289,0.87,,verified,,,exhausted,,,,
2026-09-22,arbeit.swiss,216,,,284,,,,,,exhausted,,,,
2026-09-22,arbeit.swiss,252,,,281,,,,,,exhausted,,,,
2026-09-22,arbeit.swiss,541,,,278,,,,,,exhausted,,,,
2026-09-22,arbeit.swiss,Fachmann Operationstechnik,,,273,0.97,,verified,,,exhausted,,,,
2026-09-22,arbeit.swiss,351,,,265,,,,,,exhausted,,,,
2026-09-22,arbeit.swiss,Lagermitarbeiter,,,262,0.94,,verified,,,exhausted,,,,
2026-09-22,arbeit.swiss,Betriebselektriker,,,252,0.7,,verified,,,exhausted,,,,
2026-09-22,arbeit.swiss,731,,,247,,,,,,exhausted,,,,
2026-09-22,arbeit.swiss,830,,,238,,,,,,exhausted,,,,
2026-09-22,arbeit.swiss,122,,,237,,,,,,exhausted,,,,
2026-09-22,arbeit.swiss,722,,,232,,,,,,exhausted,,,,
2026-09-22,arbeit.swiss,250,,,231,,,,,,exhausted,,,,
2026-09-22,arbeit.swiss,200,,,224,,,,,,exhausted,,,,
2026-09-22,arbeit.swiss,751,,,222,,,,,,exhausted,,,,
2026-09-22,arbeit.swiss,Servicemitarbeiter,,,217,0.8,,verified,,,exhausted,,,,
2026-09-22,arbeit.swiss,Betriebsmechaniker,,,192,0.74,,verified,,,exhausted,,,,
2026-09-22,arbeit.swiss,742,,,185,,,,,,exhausted,,,,
2026-09-22,arbeit.swiss,335,,,182,,,,,,exhausted,,,,
2026-09-22,arbeit.swiss,752,,,165,,,,,,exhausted,,,,
2026-09-22,arbeit.swiss,235,,,161,,,,,,exhausted,,,,
2026-09-22,arbeit.swiss,421,,,160,,,,,,exhausted,,,,
2026-09-22,arbeit.swiss,Netzelektriker EFZ,,,155,0.81,,verified,,,exhausted,,,,
2026-09-22,arbeit.swiss,Disponent,,,149,0.7,,verified,,,exhausted,,,,
2026-09-22,arbeit.swiss,Sozialpädagoge,,,142,0.75,,verified,,,exhausted,,,,
2026-09-22,arbeit.swiss,514,,,134,,,,,,exhausted,,,,
2026-09-22,arbeit.swiss,Chef de Rang,,,134,0.83,,verified,,,exhausted,,,,
2026-09-22,arbeit.swiss,141,,,123,,,,,,exhausted,,,,
2026-09-22,arbeit.swiss,Controller,,,123,0.7,,verified,,,exhausted,,,,
2026-09-22,arbeit.swiss,Konstrukteur EFZ,,,108,0.68,,broad,,,exhausted,,,,
2026-09-22,arbeit.swiss,754,,,98,,,,,,exhausted,,,,
2026-09-22,arbeit.swiss,342,,,85,,,,,,exhausted,,,,
2026-09-22,arbeit.swiss,Laborant,,,85,0.731,,verified,,,exhausted,,,,
2026-09-22,arbeit.swiss,962,,,80,,,,,,exhausted,,,,
2026-09-22,arbeit.swiss,811,,,69,,,,,,exhausted,,,,
2026-09-22,arbeit.swiss,961,,,68,,,,,,exhausted,,,,
2026-09-22,arbeit.swiss,832,,,63,,,,,,exhausted,,,,
2026-09-22,arbeit.swiss,Wirt,,,63,0.75,,verified,,,exhausted,,,,
2026-09-22,arbeit.swiss,231,,,62,,,,,,exhausted,,,,
2026-09-22,arbeit.swiss,Versicherungsberater,,,62,0.74,,verified,,,exhausted,,,,
2026-09-22,arbeit.swiss,142,,,61,,,,,,exhausted,,,,
2026-09-22,arbeit.swiss,523,,,61,,,,,,exhausted,,,,
2026-09-22,arbeit.swiss,732,,,59,,,,,,exhausted,,,,
2026-09-22,arbeit.swiss,262,,,55,,,,,,exhausted,,,,
2026-09-22,arbeit.swiss,264,,,55,,,,,,exhausted,,,,
2026-09-22,arbeit.swiss,816,,,55,,,,,,exhausted,,,,
2026-09-22,arbeit.swiss,813,,,54,,,,,,exhausted,,,,
2026-09-22,arbeit.swiss,212,,,52,,,,,,exhausted,,,,
2026-09-22,arbeit.swiss,Detailhandelsassistent,,,51,0.26,,excluded,,,exhausted,,,,
2026-09-22,arbeit.swiss,Apotheker,,,46,0.795,,verified,,,exhausted,,,,
2026-09-22,arbeit.swiss,352,,,45,,,,,,exhausted,,,,
2026-09-22,arbeit.swiss,821,,,45,,,,,,exhausted,,,,
2026-09-22,arbeit.swiss,Vorsorgeberater,,,44,0.775,,verified,,,exhausted,,,,
2026-09-22,arbeit.swiss,815,,,42,,,,,,exhausted,,,,
2026-09-22,arbeit.swiss,111,,,41,,,,,,exhausted,,,,
2026-09-22,arbeit.swiss,Kundenberater Privatkunden,,,39,0.806,,verified,,,exhausted,,,,
2026-09-22,arbeit.swiss,Radiologiefachmann,,,37,0.7,,verified,,,exhausted,,,,
2026-09-22,arbeit.swiss,814,,,36,,,,,,exhausted,,,,
2026-09-22,arbeit.swiss,Lastwagenchauffeur,,,36,0.81,,verified,,,exhausted,,,,
2026-09-22,arbeit.swiss,213,,,34,,,,,,exhausted,,,,
2026-09-22,arbeit.swiss,516,,,34,,,,,,exhausted,,,,
2026-09-22,arbeit.swiss,Rezeptionist,,,34,0.875,,verified,,,exhausted,,,,
2026-09-22,arbeit.swiss,211,,,33,,,,,,exhausted,,,,
2026-09-22,arbeit.swiss,313,,,31,,,,,,exhausted,,,,
2026-09-22,arbeit.swiss,753,,,28,,,,,,exhausted,,,,
2026-09-22,arbeit.swiss,Restaurantfachmann,,,27,0.77,,verified,,,exhausted,,,,
2026-09-22,arbeit.swiss,314,,,26,,,,,,exhausted,,,,
2026-09-22,arbeit.swiss,Zolldeklarant,,,25,0.88,,verified,,,exhausted,,,,
2026-09-22,arbeit.swiss,812,,,23,,,,,,exhausted,,,,
2026-09-22,arbeit.swiss,Underwriter,,,23,0.9,,verified,,,exhausted,,,,
2026-09-22,arbeit.swiss,324,,,22,,,,,,exhausted,,,,
2026-09-22,arbeit.swiss,613,,,22,,,,,,exhausted,,,,
2026-09-22,arbeit.swiss,621,,,22,,,,,,exhausted,,,,
2026-09-22,arbeit.swiss,225,,,21,,,,,,exhausted,,,,
2026-09-22,arbeit.swiss,Redaktor,,,21,0.938,,verified,,,exhausted,,,,
2026-09-22,arbeit.swiss,Zimmermädchen,,,21,0.71,,verified,,,exhausted,,,,
2026-09-22,arbeit.swiss,230,,,18,,,,,,exhausted,,,,
2026-09-22,arbeit.swiss,Kosmetiker,,,18,0.75,,verified,,,exhausted,,,,
2026-09-22,arbeit.swiss,Solarmonteur,,,17,0.85,,verified,,,exhausted,,,,
2026-09-22,arbeit.swiss,Systemadministrator,,,17,0.93,,verified,,,exhausted,,,,
2026-09-22,arbeit.swiss,612,,,16,,,,,,exhausted,,,,
2026-09-22,arbeit.swiss,511,,,15,,,,,,exhausted,,,,
2026-09-22,arbeit.swiss,Animateur,,,15,0.789,,verified,,,exhausted,,,,
2026-09-22,arbeit.swiss,Fachverkäufer,,,15,0.769,,verified,,,exhausted,,,,
2026-09-22,arbeit.swiss,223,,,13,,,,,,exhausted,,,,
2026-09-22,arbeit.swiss,315,,,13,,,,,,exhausted,,,,
2026-09-22,arbeit.swiss,265,,,10,,,,,,exhausted,,,,
2026-09-22,arbeit.swiss,Anwendungstechniker,,,10,0.889,,verified,,,exhausted,,,,
2026-09-22,arbeit.swiss,Erntehelfer,,,10,0.882,,verified,,,exhausted,,,,
2026-09-22,arbeit.swiss,Juristischer Mitarbeiter,,,9,0.75,,verified,,,exhausted,,,,
2026-09-22,arbeit.swiss,Kassierer,,,9,0.8,,verified,,,exhausted,,,,
2026-09-22,arbeit.swiss,Principal Scientist,,,8,0.833,,verified,,,exhausted,,,,
2026-09-22,arbeit.swiss,Optiker,,,7,0.5,,broad,,,exhausted,,,,
2026-09-22,arbeit.swiss,Steuerkommissär,,,7,1.0,,verified,,,exhausted,,,,
2026-09-22,arbeit.swiss,Verwaltungssekretär,,,7,0.857,,verified,,,exhausted,,,,
2026-09-22,arbeit.swiss,Fachlehrer,,,5,0.78,,verified,,,exhausted,,,,
2026-09-22,arbeit.swiss,Speditionsfachmann,,,4,1.0,,verified,,,exhausted,,,,
2026-09-22,arbeit.swiss,Verwaltungsassistent,,,4,1.0,,verified,,,exhausted,,,,
2026-09-22,arbeit.swiss,817,,,3,,,,,,exhausted,,,,
2026-09-22,arbeit.swiss,Lohnbuchhalter,,,3,0.88,,verified,,,exhausted,,,,
2026-09-22,arbeit.swiss,Applikationstechniker,,,2,1.0,,verified,,,exhausted,,,,
2026-09-22,arbeit.swiss,Kassenmitarbeiter,,,2,1.0,,verified,,,exhausted,,,,
2026-09-22,arbeit.swiss,Reiseberater,,,2,1.0,,verified,,,exhausted,,,,
2026-09-22,arbeit.swiss,Zivilstandsbeamter,,,2,1.0,,verified,,,exhausted,,,,
2026-09-22,arbeit.swiss,323,,,1,,,,,,exhausted,,,,
2026-09-22,arbeit.swiss,622,,,1,,,,,,exhausted,,,,
2026-09-22,arbeit.swiss,835,,,1,,,,,,exhausted,,,,
2026-09-22,arbeit.swiss,Buchbinder,,,1,1.0,,verified,,,exhausted,,,,
2026-09-22,arbeit.swiss,Fertigungsmechaniker,,,1,1.0,,verified,,,exhausted,,,,
2026-09-22,arbeit.swiss,Kanzleimitarbeiter,,,1,1.0,,verified,,,exhausted,,,,
2026-09-22,arbeit.swiss,Stadtschreiber,,,1,1.0,,verified,,,exhausted,,,,
2026-09-22,arbeit.swiss,011,,,0,,,,,,exhausted,,,,
2026-09-22,arbeit.swiss,021,,,0,,,,,,exhausted,,,,
2026-09-22,arbeit.swiss,700,,,0,,,,,,exhausted,,,,
2026-09-22,arbeit.swiss,Managementberater,,,0,1.0,,verified,,,exhausted,,,,
2026-09-22,arbeit.swiss,Sekundarlehrer,,,0,1.0,,verified,,,exhausted,,,,
2026-09-22,jobs.ch,10,,healthcare_social,8117,,,,,,exhausted,,,,
2026-09-22,jobs.ch,6,,retail_wholesale,5836,,,,,,exhausted,,,,
2026-09-22,jobs.ch,112,,,4642,,,,,,exhausted,,,,
2026-09-22,jobs.ch,2,,construction_realestate,3136,,,,,,exhausted,,,,
2026-09-22,jobs.ch,105,,,3047,,,,,,exhausted,,,,
2026-09-22,jobs.ch,110,,,3026,,,,,,exhausted,,,,
2026-09-22,jobs.ch,100,,,2856,,,,,,exhausted,,,,
2026-09-22,jobs.ch,Verkäufer,,,2788,0.77,0.16,excluded,0.16,446,exhausted,,,,
2026-09-22,jobs.ch,Pflegefachfrau,,,2681,0.99,0.07,excluded,0.07,188,exhausted,,,,
2026-09-22,jobs.ch,12,,manufacturing_diverse,2283,,,,,,exhausted,,,,
2026-09-22,jobs.ch,16,,public_admin,2274,,,,,,exhausted,,,,
2026-09-22,jobs.ch,Projektleiter,,,2257,0.98,0.16,excluded,0.16,361,exhausted,,,,
2026-09-22,jobs.ch,Verkaufsberater,,,2153,0.45,0.19,excluded,0.19,409,exhausted,,,,
2026-09-22,jobs.ch,111,,,1943,,,,,,exhausted,,,,
2026-09-22,jobs.ch,109,,,1848,,,,,,exhausted,,,,
2026-09-22,jobs.ch,106,,,1702,,,,,,exhausted,,,,
2026-09-22,jobs.ch,114,,,1616,,,,,,exhausted,,,,
2026-09-22,jobs.ch,Kaufmann,,,1585,0.71,0.0,excluded,0.0,0,exhausted,,,,
2026-09-22,jobs.ch,101,,,1556,,,,,,exhausted,,,,
2026-09-22,jobs.ch,102,,,1516,,,,,,exhausted,,,,
2026-09-22,jobs.ch,108,,,1479,,,,,,exhausted,,,,
2026-09-22,jobs.ch,9,,hospitality,1430,,,,,,exhausted,,,,
2026-09-22,jobs.ch,22,,machinery,1394,,,,,,exhausted,,,,
2026-09-22,jobs.ch,13,,ict_telecom,1240,,,,,,exhausted,,,,
2026-09-22,jobs.ch,113,,,1209,,,,,,exhausted,,,,
2026-09-22,jobs.ch,Mechaniker,,,1130,0.84,0.56,broad,0.56,633,exhausted,,,,
2026-09-22,jobs.ch,Sachbearbeiter,,,1114,0.93,0.6,broad,0.6,668,exhausted,,,,
2026-09-22,jobs.ch,18,,transport_logistics,1092,,,,,,exhausted,,,,
2026-09-22,jobs.ch,Koch,,,1089,0.98,1.0,verified,1.0,1089,exhausted,,,,
2026-09-22,jobs.ch,7,,services_diverse,1087,,,,,,exhausted,,,,
2026-09-22,jobs.ch,Betriebsmechaniker,,,1083,0.39,0.0,excluded,0.0,0,exhausted,,,,
2026-09-22,jobs.ch,Arzt,,,1081,0.88,0.65,broad,0.65,703,exhausted,,,,
2026-09-22,jobs.ch,Fertigungsmechaniker,,,1081,0.0,0.0,excluded,0.0,0,exhausted,,,,
2026-09-22,jobs.ch,Anwendungstechniker,,,1022,0.07,0.02,excluded,0.02,20,exhausted,,,,
2026-09-22,jobs.ch,20,,insurance,948,,,,,,exhausted,,,,
2026-09-22,jobs.ch,Fachfrau Gesundheit EFZ,,,937,0.72,0.81,verified,0.81,759,exhausted,,,,
2026-09-22,jobs.ch,Fachverkäufer,,,858,0.03,0.0,excluded,0.0,0,exhausted,,,,
2026-09-22,jobs.ch,4,,education,856,,,,,,exhausted,,,,
2026-09-22,jobs.ch,1,,banking_financial,824,,,,,,exhausted,,,,
2026-09-22,jobs.ch,103,,,736,,,,,,exhausted,,,,
2026-09-22,jobs.ch,23,,medical_technology,727,,,,,,exhausted,,,,
2026-09-22,jobs.ch,11,,crafts_trades,716,,,,,,exhausted,,,,
2026-09-22,jobs.ch,Polymechaniker,,,714,0.87,0.07,excluded,0.07,50,exhausted,,,,
2026-09-22,jobs.ch,Servicetechniker,,,686,0.98,0.78,verified,0.78,535,exhausted,,,,
2026-09-22,jobs.ch,19,,legal_business_advisory,657,,,,,,exhausted,,,,
2026-09-22,jobs.ch,Zimmermann,,,610,0.13,0.01,excluded,0.01,6,exhausted,,,,
2026-09-22,jobs.ch,8,,energy_utilities,598,,,,,,exhausted,,,,
2026-09-22,jobs.ch,Kundenberater,,,587,0.77,0.587,broad,0.587,345,exhausted,,,,
2026-09-22,jobs.ch,21,,consumer_luxury,564,,,,,,exhausted,,,,
2026-09-22,jobs.ch,Mechatroniker,,,531,0.88,1.0,verified,1.0,531,exhausted,,,,
2026-09-22,jobs.ch,Applikationstechniker,,,530,0.03,0.0,excluded,0.0,0,exhausted,,,,
2026-09-22,jobs.ch,5,,life_sciences,490,,,,,,exhausted,,,,
2026-09-22,jobs.ch,Detailhandelsassistent,,,478,0.72,,verified,,,exhausted,,,,
2026-09-22,jobs.ch,Chauffeur,,,438,0.99,,verified,,,exhausted,,,,
2026-09-22,jobs.ch,Lastwagenchauffeur,,,420,0.03,,excluded,,,exhausted,,,,
2026-09-22,jobs.ch,Logistiker EFZ,,,411,0.8,,verified,,,exhausted,,,,
2026-09-22,jobs.ch,104,,,365,,,,,,exhausted,,,,
2026-09-22,jobs.ch,Servicemitarbeiter,,,348,0.11,,excluded,,,exhausted,,,,
2026-09-22,jobs.ch,17,,tourism_leisure,346,,,,,,exhausted,,,,
2026-09-22,jobs.ch,Fachlehrer,,,328,0.0,,excluded,,,exhausted,,,,
2026-09-22,jobs.ch,116,,,286,,,,,,exhausted,,,,
2026-09-22,jobs.ch,107,,,285,,,,,,exhausted,,,,
2026-09-22,jobs.ch,Produktionsmitarbeiter,,,274,0.44,,broad,,,exhausted,,,,
2026-09-22,jobs.ch,Wirt,,,262,0.02,,excluded,,,exhausted,,,,
2026-09-22,jobs.ch,Elektroplaner,,,227,0.21,,excluded,,,exhausted,,,,
2026-09-22,jobs.ch,Betriebselektriker,,,211,0.54,,broad,,,exhausted,,,,
2026-09-22,jobs.ch,Juristischer Mitarbeiter,,,204,0.02,,excluded,,,exhausted,,,,
2026-09-22,jobs.ch,Gärtner,,,201,0.47,,broad,,,exhausted,,,,
2026-09-22,jobs.ch,Principal Scientist,,,197,0.06,,excluded,,,exhausted,,,,
2026-09-22,jobs.ch,Lagermitarbeiter,,,195,0.31,,broad,,,exhausted,,,,
2026-09-22,jobs.ch,Versicherungsberater,,,195,0.35,,broad,,,exhausted,,,,
2026-09-22,jobs.ch,Sozialpädagoge,,,192,0.38,,broad,,,exhausted,,,,
2026-09-22,jobs.ch,Erntehelfer,,,179,0.0,,excluded,,,exhausted,,,,
2026-09-22,jobs.ch,Controller,,,169,0.54,,broad,,,exhausted,,,,
2026-09-22,jobs.ch,Disponent,,,157,0.66,,broad,,,exhausted,,,,
2026-09-22,jobs.ch,117,,,149,,,,,,exhausted,,,,
2026-09-22,jobs.ch,Rezeptionist,,,149,0.11,,excluded,,,exhausted,,,,
2026-09-22,jobs.ch,Optiker,,,146,0.88,,verified,,,exhausted,,,,
2026-09-22,jobs.ch,Physiotherapeut,,,124,0.72,,verified,,,exhausted,,,,
2026-09-22,jobs.ch,Vorsorgeberater,,,124,0.45,,broad,,,exhausted,,,,
2026-09-22,jobs.ch,Kundenberater Privatkunden,,,118,0.57,,broad,,,exhausted,,,,
2026-09-22,jobs.ch,Restaurantfachmann,,,118,0.17,,excluded,,,exhausted,,,,
2026-09-22,jobs.ch,3,,consulting_diverse,117,,,,,,exhausted,,,,
2026-09-22,jobs.ch,Maler,,,117,0.58,,broad,,,exhausted,,,,
2026-09-22,jobs.ch,15,,media_publishing,115,,,,,,exhausted,,,,
2026-09-22,jobs.ch,Fachfrau Operationstechnik,,,104,0.49,,broad,,,exhausted,,,,
2026-09-22,jobs.ch,Fachmann Operationstechnik,,,102,0.38,,broad,,,exhausted,,,,
2026-09-22,jobs.ch,Chef de Rang,,,93,0.4,,broad,,,exhausted,,,,
2026-09-22,jobs.ch,Netzelektriker EFZ,,,92,0.64,,broad,,,exhausted,,,,
2026-09-22,jobs.ch,Apotheker,,,91,0.337,,broad,,,exhausted,,,,
2026-09-22,jobs.ch,Laborant,,,91,0.576,,broad,,,exhausted,,,,
2026-09-22,jobs.ch,Gärtner EFZ,,,76,0.84,,verified,,,exhausted,,,,
2026-09-22,jobs.ch,Expertin Anästhesiepflege,,,75,0.533,,broad,,,exhausted,,,,
2026-09-22,jobs.ch,Kassenmitarbeiter,,,73,0.165,,excluded,,,exhausted,,,,
2026-09-22,jobs.ch,Kranführer,,,70,0.292,,excluded,,,exhausted,,,,
2026-09-22,jobs.ch,14,,agriculture,68,,,,,,exhausted,,,,
2026-09-22,jobs.ch,Kassierer,,,66,0.532,,broad,,,exhausted,,,,
2026-09-22,jobs.ch,Speditionsfachmann,,,65,0.0,,excluded,,,exhausted,,,,
2026-09-22,jobs.ch,Konstrukteur EFZ,,,63,0.76,,verified,,,exhausted,,,,
2026-09-22,jobs.ch,Systemadministrator,,,56,0.25,,excluded,,,exhausted,,,,
2026-09-22,jobs.ch,115,,,50,,,,,,exhausted,,,,
2026-09-22,jobs.ch,Zimmermädchen,,,48,0.06,,excluded,,,exhausted,,,,
2026-09-22,jobs.ch,24,,hr_recruiting,42,,,,,,exhausted,,,,
2026-09-22,jobs.ch,Managementberater,,,39,0.03,,excluded,,,exhausted,,,,
2026-09-22,jobs.ch,Radiologiefachmann,,,36,0.639,,broad,,,exhausted,,,,
2026-09-22,jobs.ch,Underwriter,,,27,0.57,,broad,,,exhausted,,,,
2026-09-22,jobs.ch,Kosmetiker,,,25,0.45,,broad,,,exhausted,,,,
2026-09-22,jobs.ch,Stadtschreiber,,,25,0.111,,excluded,,,exhausted,,,,
2026-09-22,jobs.ch,Redaktor,,,24,0.4,,broad,,,exhausted,,,,
2026-09-22,jobs.ch,Solarmonteur,,,21,0.158,,excluded,,,exhausted,,,,
2026-09-22,jobs.ch,Zolldeklarant,,,19,0.32,,broad,,,exhausted,,,,
2026-09-22,jobs.ch,Steuerkommissär,,,16,0.476,,broad,,,exhausted,,,,
2026-09-22,jobs.ch,Verwaltungssekretär,,,15,0.667,,broad,,,exhausted,,,,
2026-09-22,jobs.ch,Verwaltungsassistent,,,14,0.167,,excluded,,,exhausted,,,,
2026-09-22,jobs.ch,Zivilstandsbeamter,,,12,0.455,,broad,,,exhausted,,,,
2026-09-22,jobs.ch,Reiseberater,,,11,0.09,,excluded,,,exhausted,,,,
2026-09-22,jobs.ch,Animateur,,,8,0.444,,broad,,,exhausted,,,,
2026-09-22,jobs.ch,Buchbinder,,,7,0.0,,excluded,,,exhausted,,,,
2026-09-22,jobs.ch,Lohnbuchhalter,,,5,0.0,,excluded,,,exhausted,,,,
2026-09-22,jobs.ch,Kanzleimitarbeiter,,,4,0.375,,broad,,,exhausted,,,,
2026-09-22,jobs.ch,Sekundarlehrer,,,1,1.0,,verified,,,exhausted,,,,
2026-09-22,jobscout24.ch,18,,,6989,,,,,,exhausted,,,,
2026-09-22,jobscout24.ch,13,,,4866,,,,,,exhausted,,,,
2026-09-22,jobscout24.ch,industry:13,,healthcare_social,4866,,,,,,exhausted,,,,
2026-09-22,jobscout24.ch,15,,,4293,,,,,,exhausted,,,,
2026-09-22,jobscout24.ch,Kaufmann,,,3950,0.44,,broad,,,exhausted,,,,
2026-09-22,jobscout24.ch,Pflegefachfrau,,,3774,0.23,,excluded,,,exhausted,,,,
2026-09-22,jobscout24.ch,Projektleiter,,,3392,0.88,,verified,,,exhausted,,,,
2026-09-22,jobscout24.ch,Maler,,,2785,0.18,,excluded,,,exhausted,,,,
2026-09-22,jobscout24.ch,6,,,2462,,,,,,exhausted,,,,
2026-09-22,jobscout24.ch,Sachbearbeiter,,,2216,1.0,,verified,,,exhausted,,,,
2026-09-22,jobscout24.ch,Polymechaniker,,,2159,0.93,,verified,,,exhausted,,,,
2026-09-22,jobscout24.ch,Kundenberater,,,1973,0.24,,excluded,,,exhausted,,,,
2026-09-22,jobscout24.ch,8,,,1797,,,,,,exhausted,,,,
2026-09-22,jobscout24.ch,industry:8,,ict_telecom,1797,,,,,,exhausted,,,,
2026-09-22,jobscout24.ch,Servicetechniker,,,1657,1.0,,verified,,,exhausted,,,,
2026-09-22,jobscout24.ch,19,,,1462,,,,,,exhausted,,,,
2026-09-22,jobscout24.ch,industry:19,,transport_logistics,1462,,,,,,exhausted,,,,
2026-09-22,jobscout24.ch,Verkäufer,,,1303,0.96,,verified,,,exhausted,,,,
2026-09-22,jobscout24.ch,Mechaniker,,,1277,0.63,,broad,,,exhausted,,,,
2026-09-22,jobscout24.ch,Zimmermann,,,1234,0.11,,excluded,,,exhausted,,,,
2026-09-22,jobscout24.ch,Arzt,,,1225,0.81,,verified,,,exhausted,,,,
2026-09-22,jobscout24.ch,20,,,1001,,,,,,exhausted,,,,
2026-09-22,jobscout24.ch,Disponent,,,948,0.42,,broad,,,exhausted,,,,
2026-09-22,jobscout24.ch,Koch,,,938,0.69,,broad,,,exhausted,,,,
2026-09-22,jobscout24.ch,2,,,916,,,,,,exhausted,,,,
2026-09-22,jobscout24.ch,industry:2,,banking_financial,916,,,,,,exhausted,,,,
2026-09-22,jobscout24.ch,Verkaufsberater,,,910,0.86,,verified,,,exhausted,,,,
2026-09-22,jobscout24.ch,Mechatroniker,,,867,0.62,,broad,,,exhausted,,,,
2026-09-22,jobscout24.ch,10,,,841,,,,,,exhausted,,,,
2026-09-22,jobscout24.ch,industry:10,,hr_recruiting,841,,,,,,exhausted,,,,
2026-09-22,jobscout24.ch,Rezeptionist,,,760,0.04,,excluded,,,exhausted,,,,
2026-09-22,jobscout24.ch,4,,,759,,,,,,exhausted,,,,
2026-09-22,jobscout24.ch,3,,,715,,,,,,exhausted,,,,
2026-09-22,jobscout24.ch,Fachfrau Gesundheit EFZ,,,708,0.73,,verified,,,exhausted,,,,
2026-09-22,jobscout24.ch,Kranführer,,,689,0.98,,verified,,,exhausted,,,,
2026-09-22,jobscout24.ch,23,,,674,,,,,,exhausted,,,,
2026-09-22,jobscout24.ch,Servicemitarbeiter,,,626,0.34,,broad,,,exhausted,,,,
2026-09-22,jobscout24.ch,5,,,596,,,,,,exhausted,,,,
2026-09-22,jobscout24.ch,industry:5,,insurance,596,,,,,,exhausted,,,,
2026-09-22,jobscout24.ch,7,,,565,,,,,,exhausted,,,,
2026-09-22,jobscout24.ch,Kassierer,,,553,0.09,,excluded,,,exhausted,,,,
2026-09-22,jobscout24.ch,Produktionsmitarbeiter,,,512,0.95,,verified,,,exhausted,,,,
2026-09-22,jobscout24.ch,Chauffeur,,,507,1.0,,verified,,,exhausted,,,,
2026-09-22,jobscout24.ch,Logistiker EFZ,,,493,0.88,,verified,,,exhausted,,,,
2026-09-22,jobscout24.ch,Detailhandelsassistent,,,476,0.94,,verified,,,exhausted,,,,
2026-09-22,jobscout24.ch,Gärtner,,,425,0.86,,verified,,,exhausted,,,,
2026-09-22,jobscout24.ch,Betriebselektriker,,,420,0.97,,verified,,,exhausted,,,,
2026-09-22,jobscout24.ch,22,,,413,,,,,,exhausted,,,,
2026-09-22,jobscout24.ch,11,,,400,,,,,,exhausted,,,,
2026-09-22,jobscout24.ch,Betriebsmechaniker,,,335,0.91,,verified,,,exhausted,,,,
2026-09-22,jobscout24.ch,Laborant,,,330,0.26,,excluded,,,exhausted,,,,
2026-09-22,jobscout24.ch,16,,,262,,,,,,exhausted,,,,
2026-09-22,jobscout24.ch,Controller,,,257,0.94,,verified,,,exhausted,,,,
2026-09-22,jobscout24.ch,21,,,253,,,,,,exhausted,,,,
2026-09-22,jobscout24.ch,Lagermitarbeiter,,,244,0.99,,verified,,,exhausted,,,,
2026-09-22,jobscout24.ch,Elektroplaner,,,233,0.76,,verified,,,exhausted,,,,
2026-09-22,jobscout24.ch,12,,,200,,,,,,exhausted,,,,
2026-09-22,jobscout24.ch,Physiotherapeut,,,197,0.84,,verified,,,exhausted,,,,
2026-09-22,jobscout24.ch,Konstrukteur EFZ,,,153,0.63,,broad,,,exhausted,,,,
2026-09-22,jobscout24.ch,Systemadministrator,,,153,0.44,,broad,,,exhausted,,,,
2026-09-22,jobscout24.ch,Vorsorgeberater,,,148,0.44,,broad,,,exhausted,,,,
2026-09-22,jobscout24.ch,Gärtner EFZ,,,139,0.85,,verified,,,exhausted,,,,
2026-09-22,jobscout24.ch,Sozialpädagoge,,,139,0.64,,broad,,,exhausted,,,,
2026-09-22,jobscout24.ch,Fachfrau Operationstechnik,,,136,0.5,,broad,,,exhausted,,,,
2026-09-22,jobscout24.ch,Fachmann Operationstechnik,,,136,0.42,,broad,,,exhausted,,,,
2026-09-22,jobscout24.ch,1,,,135,,,,,,exhausted,,,,
2026-09-22,jobscout24.ch,Versicherungsberater,,,124,0.21,,excluded,,,exhausted,,,,
2026-09-22,jobscout24.ch,Expertin Anästhesiepflege,,,113,0.49,,broad,,,exhausted,,,,
2026-09-22,jobscout24.ch,14,,,101,,,,,,exhausted,,,,
2026-09-22,jobscout24.ch,industry:14,,education,101,,,,,,exhausted,,,,
2026-09-22,jobscout24.ch,Netzelektriker EFZ,,,93,0.727,,verified,,,exhausted,,,,
2026-09-22,jobscout24.ch,Zolldeklarant,,,87,0.287,,excluded,,,exhausted,,,,
2026-09-22,jobscout24.ch,24,,,73,,,,,,exhausted,,,,
2026-09-22,jobscout24.ch,industry:24,,agriculture,73,,,,,,exhausted,,,,
2026-09-22,jobscout24.ch,Radiologiefachmann,,,73,0.472,,broad,,,exhausted,,,,
2026-09-22,jobscout24.ch,Chef de Rang,,,66,0.656,,broad,,,exhausted,,,,
2026-09-22,jobscout24.ch,Juristischer Mitarbeiter,,,65,0.066,,excluded,,,exhausted,,,,
2026-09-22,jobscout24.ch,Apotheker,,,61,0.565,,broad,,,exhausted,,,,
2026-09-22,jobscout24.ch,Kundenberater Privatkunden,,,61,0.764,,verified,,,exhausted,,,,
2026-09-22,jobscout24.ch,Wirt,,,50,0.96,,verified,,,exhausted,,,,
2026-09-22,jobscout24.ch,Kosmetiker,,,49,0.174,,excluded,,,exhausted,,,,
2026-09-22,jobscout24.ch,Restaurantfachmann,,,40,0.385,,broad,,,exhausted,,,,
2026-09-22,jobscout24.ch,Redaktor,,,23,0.619,,broad,,,exhausted,,,,
2026-09-22,jobscout24.ch,Solarmonteur,,,20,0.889,,verified,,,exhausted,,,,
2026-09-22,jobscout24.ch,Anwendungstechniker,,,19,0.947,,verified,,,exhausted,,,,
2026-09-22,jobscout24.ch,Underwriter,,,18,1.0,,verified,,,exhausted,,,,
2026-09-22,jobscout24.ch,17,,,17,,,,,,exhausted,,,,
2026-09-22,jobscout24.ch,Kassenmitarbeiter,,,14,1.0,,verified,,,exhausted,,,,
2026-09-22,jobscout24.ch,Lastwagenchauffeur,,,12,0.846,,verified,,,exhausted,,,,
2026-09-22,jobscout24.ch,Optiker,,,12,0.385,,broad,,,exhausted,,,,
2026-09-22,jobscout24.ch,Reiseberater,,,12,0.917,,verified,,,exhausted,,,,
2026-09-22,jobscout24.ch,Verwaltungssekretär,,,11,0.909,,verified,,,exhausted,,,,
2026-09-22,jobscout24.ch,Zimmermädchen,,,11,0.429,,broad,,,exhausted,,,,
2026-09-22,jobscout24.ch,Fachverkäufer,,,9,1.0,,verified,,,exhausted,,,,
2026-09-22,jobscout24.ch,Principal Scientist,,,9,0.5,,broad,,,exhausted,,,,
2026-09-22,jobscout24.ch,Speditionsfachmann,,,9,0.0,,excluded,,,exhausted,,,,
2026-09-22,jobscout24.ch,Steuerkommissär,,,8,1.0,,verified,,,exhausted,,,,
2026-09-22,jobscout24.ch,Lohnbuchhalter,,,7,0.857,,verified,,,exhausted,,,,
2026-09-22,jobscout24.ch,Zivilstandsbeamter,,,6,0.75,,verified,,,exhausted,,,,
2026-09-22,jobscout24.ch,Animateur,,,5,0.846,,verified,,,exhausted,,,,
2026-09-22,jobscout24.ch,Sekundarlehrer,,,5,0.0,,excluded,,,exhausted,,,,
2026-09-22,jobscout24.ch,Verwaltungsassistent,,,4,1.0,,verified,,,exhausted,,,,
2026-09-22,jobscout24.ch,Applikationstechniker,,,3,1.0,,verified,,,exhausted,,,,
2026-09-22,jobscout24.ch,Fachlehrer,,,2,0.5,,broad,,,exhausted,,,,
2026-09-22,jobscout24.ch,Stadtschreiber,,,2,1.0,,verified,,,exhausted,,,,
2026-09-22,jobscout24.ch,Kanzleimitarbeiter,,,1,1.0,,verified,,,exhausted,,,,
2026-09-22,jobscout24.ch,Buchbinder,,,0,,,unsampled,,,exhausted,,,,
2026-09-22,jobscout24.ch,Erntehelfer,,,0,,,unsampled,,,exhausted,,,,
2026-09-22,jobscout24.ch,Fertigungsmechaniker,,,0,,,unsampled,,,exhausted,,,,
2026-09-22,jobscout24.ch,Managementberater,,,0,,,unsampled,,,exhausted,,,,
