rank,company,domain,industry,revenue_usd,employees,city,state,careers_url,ats,ats_url,tier_recommendation,confidence
1,Amazon,amazon.com,Technology,716900000000,1556000,Seattle,Washington,https://www.amazon.jobs/en/,custom,,tier2_llm_http,medium
2,Walmart,walmart.com,Retail & Consumer Goods,713200000000,2100000,Bentonville,Arkansas,https://careers.walmart.com/us/en/home,custom,,tier2_llm_http,medium
3,UnitedHealth,unitedhealthgroup.com,Healthcare & Pharma,447600000000,400000,Eden Prairie,Minnesota,https://www.unitedhealthgroup.com/careers/en/work.html,taleo,https://uhg.taleo.net/careersection/10000/mysubmissions.ftl?lang=en&_ga=2.23846650.1771508559.1675694409-1290630793.1650297848,tier1_ats,high
4,Apple,apple.com,Technology,416200000000,164000,Cupertino,California,https://www.apple.com/careers/us/,custom,,tier2_llm_http,medium
5,Alphabet,abc.xyz,Technology,402800000000,183323,Mountain View,California,https://www.google.com/about/careers/applications/,custom,,tier2_llm_http,medium
6,CVS Health,cvshealth.com,Healthcare & Pharma,402100000000,259500,Woonsocket,Rhode Island,https://jobs.cvshealth.com/us/en,phenom,,tier1_ats,medium
7,McKesson,mckesson.com,Healthcare & Pharma,387100000000,48000,Irving,Texas,https://careers.mckesson.com/en?utm_source=www.mckesson.com&utm_medium=referral&utm_campaign=redirect,talentbrew,https://tbcdn.talentbrew.com/company/733/css/58249-GST.css,tier1_ats,high
8,Berkshire Hathaway,berkshirehathaway.com,Insurance,377000000000,392400,Omaha,Nebraska,https://bhhc.com/careers-at-bhhc/,custom,,tier2_llm_http,medium
9,Exxon Mobil,exxonmobil.com,Energy & Utilities,332200000000,60900,Spring,Texas,https://corporate.exxonmobil.com/careers,custom,,tier2_llm_http,medium
10,Cencora,cencora.com,Healthcare & Pharma,321300000000,44000,Conshohocken,Pennsylvania,https://careers.cencora.com/us/en,phenom,,tier1_ats,medium
11,Microsoft,microsoft.com,Technology,293800000000,228000,Redmond,Washington,https://careers.microsoft.com/v2/global/en/home.html,custom,,tier2_llm_http,medium
12,Costco,costco.com,Retail & Consumer Goods,275200000000,333000,Issaquah,Washington,https://www.costco.com/f/-/careers,custom_js_only,,tier3_llm_browser,low
13,Cigna,thecignagroup.com,Healthcare & Pharma,268100000000,72398,Bloomfield,Connecticut,https://cigna.wd5.myworkdayjobs.com/cignacareers,workday,https://cigna.wd5.myworkdayjobs.com/cignacareers,tier1_ats,medium
14,Cardinal Health,cardinalhealth.com,Healthcare & Pharma,234300000000,48411,Dublin,Ohio,https://jobs.cardinalhealth.com,custom,,tier2_llm_http,medium
15,Elevance Health,elevancehealth.com,Healthcare & Pharma,194800000000,103679,Indianapolis,Indiana,https://careers.elevancehealth.com,paradox,https://cdn.sites.paradox.ai/common-libraries/font-awesome/css/all.css,tier3_llm_browser,high
16,Ford Motor,ford.com,Manufacturing & Industrial,189600000000,171000,Dearborn,Michigan,https://www.careers.ford.com/,talentbrew,https://tbcdn.talentbrew.com/company/48560/v1/third-party/fancybox/fancybox.css,tier1_ats,high
17,Meta,meta.com,Technology,189500000000,74067,Menlo Park,California,https://www.meta.com,workday,https://www.meta.com,tier1_ats,medium
18,Chevron,chevron.com,Energy & Utilities,188700000000,45298,Houston,Texas,https://careers.chevron.com/,talentbrew,https://tbcdn.talentbrew.com/company/27552/v2_0/css/jquery-fancybox-min.css,tier1_ats,high
19,General Motors,gm.com,Manufacturing & Industrial,187400000000,162000,Detroit,Michigan,https://search-careers.gm.com/en/,beamery,https://flows.beamery.com/generalmotors/talcom/0,tier3_llm_browser,high
20,Nvidia,nvidia.com,Technology,187100000000,36000,Santa Clara,California,https://jobs.nvidia.com/careers,workday,"https://nvidia.wd5.myworkdayjobs.com/NVIDIAExternalCareerSite/login&#34;,",tier1_ats,low
21,Centene,centene.com,Healthcare & Pharma,167700000000,60500,St. Louis,Missouri,https://jobs.centene.com/us/en,workday,https://centene.wd5.myworkdayjobs.com/centene_external,tier1_ats,high
22,JPMorgan Chase,jpmorganchase.com,Banking & Financial Services,167200000000,317233,New York,New York,https://www.jpmorganchase.com/careers,oracle_recruiting,https://jpmc.fa.oraclecloud.com/hcmUI/CandidateExperience/en/sites/CX_1001/requisitions,tier1_ats,medium
23,Home Depot,homedepot.com,Retail & Consumer Goods,166200000000,470100,Atlanta,Georgia,https://careers.homedepot.com,brassring,https://sjobs.brassring.com/TGnewUI/Search/Home/Home?partnerid=25526&amp;siteid=5032,tier1_ats,high
24,Walgreens,walgreensbootsalliance.com,Other,154600000000,252500,Deerfield,Illinois,https://jobs.walgreens.com/en,talentbrew,https://tbcdn.talentbrew.com/company/27552/v2_0/css/jquery-fancybox-min.css,tier1_ats,high
25,Fannie Mae,fanniemae.com,Banking & Financial Services,152700000000,8200,Washington,District Of Columbia,https://www.fanniemae.com/careers,custom,,tier2_llm_http,medium
26,Kroger,thekrogerco.com,Other,147200000000,409000,Cincinnati,Ohio,https://www.krogerfamilycareers.com/en/sites/CX_2001,oracle_recruiting,https://eluq.fa.us2.oraclecloud.com:443/hcmRestApi/CandidateExperience/siteFavicon/favicon-16x16.png?siteNumber=CX_2001&size=16x16,tier1_ats,medium
27,Verizon,verizon.com,Telecom & Media,137500000000,99600,New York,New York,https://mycareer.verizon.com/jobs/,workday,https://verizon.wd12.myworkdayjobs.com/verizon-careers/userHome,tier1_ats,medium
28,Marathon Petroleum,marathonpetroleum.com,Energy & Utilities,133600000000,18300,Findlay,Ohio,https://www.marathonpetroleum.com/jobs/,workday,https://mpc.wd1.myworkdayjobs.com/MPCCareers,tier1_ats,high
29,Phillips 66,phillips66.com,Energy & Utilities,132000000000,13200,Houston,Texas,https://www.phillips66.com/careers/,custom,,tier2_llm_http,medium
30,StoneX,stonex.com,Banking & Financial Services,130900000000,4500,New York,New York,https://www.stonex.com/en/about/careers/,custom,,tier2_llm_http,medium
31,Humana,humana.com,Healthcare & Pharma,126400000000,65680,Louisville,Kentucky,https://careers.humana.com/us/en,phenom,,tier1_ats,medium
32,AT&T,att.com,Telecom & Media,124500000000,140990,Dallas,Texas,https://www.att.jobs/,talentbrew,https://tbcdn.talentbrew.com/company/117/css/62342-GST.css,tier1_ats,high
33,Comcast,comcast.com,Telecom & Media,123300000000,182000,Philadelphia,Pennsylvania,https://jobs.comcast.com,talentbrew,https://tbcdn.talentbrew.com/company/45483/css/61080-GST.css,tier1_ats,high
34,State Farm,statefarm.com,Insurance,123000000000,67381,Bloomington,Illinois,https://www.statefarm.com/careers,icims,https://careers-statefarm.icims.com/connect/login?redirect=welcome,tier1_ats,high
35,Freddie Mac,freddiemac.com,Banking & Financial Services,122100000000,8090,McLean,Virginia,https://careers.freddiemac.com/us/en,phenom,,tier1_ats,medium
36,Valero Energy,valero.com,Energy & Utilities,116600000000,9910,San Antonio,Texas,https://www.valero.com/careers,taleo,https://valero.taleo.net/careersection/2/jobsearch.ftl?lang=en,tier4_custom_build,high
37,Target,target.com,Retail & Consumer Goods,105200000000,440000,Minneapolis,Minnesota,https://corporate.target.com/careers,workday,https://target.wd5.myworkdayjobs.com/targetcareers/login?redirect=%2Ftargetcareers%2FuserHome,tier1_ats,high
38,Dell Technologies,delltechnologies.com,Technology,104100000000,108000,Round Rock,Texas,https://iawmqy.fa.ocs.oraclecloud.com/hcmUI/CandidateExperience/en/sites/careers,oracle_recruiting,https://iawmqy.fa.ocs.oraclecloud.com/hcmUI/CandidateExperience/en/sites/careers,tier1_ats,high
39,Bank of America,bankofamerica.com,Banking & Financial Services,101500000000,213193,Charlotte,North Carolina,https://careers.bankofamerica.com/en-us,workday,https://ghr.wd1.myworkdayjobs.com/en-us/lateral-us/login,tier1_ats,high
40,Tesla,tesla.com,Manufacturing & Industrial,95600000000,125665,Austin,Texas,,custom,,tier2_llm_http,low
41,Walt Disney,thewaltdisneycompany.com,Telecom & Media,94400000000,205040,Burbank,California,https://thewaltdisneycompany.com/,custom,,tier2_llm_http,medium
42,PepsiCo,pepsico.com,Retail & Consumer Goods,92400000000,319000,Purchase,New York,https://www.pepsicojobs.com/main/,paradox,https://pepsi.paradox.ai/,tier3_llm_browser,medium
43,Johnson & Johnson,jnj.com,Healthcare & Pharma,92200000000,138100,New Brunswick,New Jersey,https://www.careers.jnj.com/en/,workday,https://jj.wd5.myworkdayjobs.com/JJ/login/,tier1_ats,high
44,UPS,ups.com,Transportation & Logistics,89500000000,372180,Atlanta,Georgia,,custom,,tier2_llm_http,low
45,FedEx,fedex.com,Transportation & Logistics,88600000000,422100,Memphis,Tennessee,https://careers.fedex.com:443/,paradox,https://cdn.sites.fedex.paradox.ai/common-libraries/font-awesome-4.7.0/css/font-awesome.min.css,tier3_llm_browser,medium
46,RTX,rtx.com,Manufacturing & Industrial,86000000000,186000,Arlington,Virginia,https://www.rtx.com/collinsaerospace/who-we-are/lang/fr/canada/careers,custom,,tier2_llm_http,medium
47,Progressive,progressive.com,Insurance,85200000000,66308,Mayfield Village,Ohio,https://careers.progressive.com,jobvite,https://apply.app.jobvite.com/assets/app/apply.js,tier4_custom_build,medium
48,Procter & Gamble,pginvestor.com,Retail & Consumer Goods,84900000000,108000,Cincinnati,Ohio,https://www.pgcareers.com/eu/en,phenom,,tier1_ats,medium
49,Lowe's,lowes.com,Retail & Consumer Goods,84300000000,215500,Mooresville,North Carolina,https://talent.lowes.com/us/en,phenom,,tier1_ats,medium
50,Archer Daniels Midland,adm.com,Retail & Consumer Goods,83200000000,43213,Chicago,Illinois,https://www.adm.com/careers/,brassring,https://sjobs.brassring.com/TGnewUI/Search/Home/Home?partnerid=25416&siteid=5998#home,tier1_ats,high
51,Sysco,sysco.com,Other,82000000000,76000,Houston,Texas,https://careers.sysco.com/en,talentbrew,https://tbcdn.talentbrew.com/company/1105/gst_v1_0/css/fancybox.css,tier1_ats,high
52,Albertsons,albertsonscompanies.com,Other,81400000000,196650,Boise,Idaho,https://eofd.fa.us6.oraclecloud.com:443/hcmUI/CandidateExperience/en/sites/CX_1001,oracle_recruiting,https://eofd.fa.us6.oraclecloud.com:443/hcmUI/CandidateExperience/en/sites/CX_1001,tier1_ats,high
53,Boeing,boeing.com,Manufacturing & Industrial,80800000000,172000,Arlington,Virginia,https://jobs.boeing.com,talentbrew,https://tbcdn.talentbrew.com/company/185/css/58479-GST.css,tier1_ats,high
54,Energy Transfer,energytransfer.com,Other,79800000000,16248,Dallas,Texas,https://www.energytransfer.com/careers,custom,,tier2_llm_http,medium
55,Wells Fargo,wellsfargo.com,Banking & Financial Services,79100000000,217502,San Francisco,California,https://www.wellsfargo.com/cib/careers/,custom,,tier2_llm_http,medium
56,Citi,citigroup.com,Banking & Financial Services,75400000000,227855,New York,New York,https://jobs.citi.com/,talentbrew,https://tbcdn.talentbrew.com/company/287/css/64988-GST.css,tier1_ats,high
57,HCA Healthcare,hcahealthcare.com,Healthcare & Pharma,74400000000,271000,Nashville,Tennessee,,custom_js_only,,tier3_llm_browser,low
58,Lockheed Martin,lockheedmartin.com,Manufacturing & Industrial,73400000000,121000,Bethesda,Maryland,https://www.lockheedmartin.com/fr-ca/articles-dinteret/emploi-de-reve-formation.html,brassring,https://sjobs.brassring.com/TGnewUI/Search/Home/Home?partnerid=25037&siteid=5014&pk_vid=b6c27996c05b2c151732641010904953#home,tier1_ats,high
59,MetLife,metlife.com,Insurance,71900000000,45000,New York,New York,https://www.metlifecareers.com/en_US/ml,avature,https://metlife.avature.net/eventlisting,tier1_ats,high
60,Morgan Stanley,morganstanley.com,Banking & Financial Services,68500000000,80478,New York,New York,https://www.morganstanley.com/people,eightfold,,tier1_ats,high
61,Allstate,allstate.com,Insurance,66900000000,55200,Northbrook,Illinois,https://www.allstatecorporation.com/careers.aspx,workday,https://allstate.wd5.myworkdayjobs.com/allstate_careers/login,tier1_ats,high
62,IBM,ibm.com,Technology,65400000000,284500,Armonk,New York,https://www.ibm.com/careers,custom,,tier2_llm_http,medium
63,American Express,americanexpress.com,Banking & Financial Services,65300000000,75100,New York,New York,https://www.americanexpress.com/en-us/careers/,oracle_recruiting,https://egug.fa.us2.oraclecloud.com/,tier1_ats,medium
64,Caterpillar,caterpillar.com,Manufacturing & Industrial,64700000000,112900,Irving,Texas,https://careers.caterpillar.com/en/,beamery,https://flows.beamery.com/caterpillarinc/talcom,tier3_llm_browser,high
65,Merck,merck.com,Healthcare & Pharma,64200000000,74000,Rahway,New Jersey,https://msd.wd5.myworkdayjobs.com/SearchJobs/login,workday,https://msd.wd5.myworkdayjobs.com/SearchJobs/login,tier1_ats,medium
66,Delta Airlines,delta.com,Transportation & Logistics,62900000000,103000,Atlanta,Georgia,https://www.delta.com/us/en/careers/overview,avature,https://delta.avature.net/careers,tier4_custom_build,high
67,Pfizer,pfizer.com,Healthcare & Pharma,62800000000,81000,New York,New York,https://www.pfizer.com/about/careers?langcode=ko,workday,,tier1_ats,low
68,New York Life Insurance,newyorklife.com,Insurance,62600000000,15131,New York,New York,https://www.newyorklife.com/careers,eightfold,,tier1_ats,high
69,Performance Food,pfgc.com,Other,61600000000,36815,Richmond,Virginia,https://pfgc.com/careers,brassring,https://sjobs.brassring.com/TGnewUI/Search/Home/Home?partnerid=26350&amp;siteid=6930,tier1_ats,high
70,ConocoPhillips,conocophillips.com,Energy & Utilities,61300000000,11800,Houston,Texas,https://careers.conocophillips.com/,workday,https://conocophillips.wd1.myworkdayjobs.com/External/,tier1_ats,high
71,Oracle,oracle.com,Technology,61000000000,159000,Austin,Texas,https://www.oracle.com/careers/,oracle_recruiting,https://www.oracle.com/careers/,tier1_ats,high
72,TD Synnex,tdsynnex.com,Technology,61000000000,25750,Fremont,California,https://careers.tdsynnex.com/us/en,phenom,,tier1_ats,medium
73,Publix Super Markets,publix.com,Other,60200000000,255000,Lakeland,Florida,https://www.publix.com/careers,brassring,https://sjobs.brassring.com/TGNewUI/Search/Home/Home?partnerid=26173&siteid=5197#home,tier1_ats,high
74,Broadcom,broadcom.com,Technology,59900000000,37000,Palo Alto,California,https://www.broadcom.com/company/careers,workday,https://broadcom.wd1.myworkdayjobs.com/External_Career,tier1_ats,high
75,AbbVie,abbvie.com,Healthcare & Pharma,59600000000,55000,North Chicago,Illinois,https://www.abbvie.com/join-us.html,custom,,tier2_llm_http,medium
76,Eli Lilly,lilly.com,Healthcare & Pharma,59400000000,47000,Indianapolis,Indiana,https://careers.lilly.com/us/en,phenom,,tier1_ats,medium
77,TJX,tjx.com,Retail & Consumer Goods,59000000000,364000,Framingham,Massachusetts,https://jobs.tjx.com/global/en,phenom,,tier1_ats,medium
78,Nationwide,nationwide.com,Insurance,58600000000,22453,Columbus,Ohio,https://www.nationwide.com/personal/about-us/careers/,custom,,tier2_llm_http,medium
79,United Airlines,united.com,Transportation & Logistics,58400000000,107300,Chicago,Illinois,https://careers.united.com/us/en,phenom,,tier1_ats,low
80,Cisco Systems,cisco.com,Other,57700000000,90400,San Jose,California,https://www.cisco.com/careers/,phenom,https://careers.cisco.com/global/en/home,tier1_ats,medium
81,Prudential Financial,prudential.com,Insurance,57600000000,37936,Newark,New Jersey,https://jobs.prudential.com/,workday,https://pru.wd5.myworkdayjobs.com/Careers/login?redirect=%2FCareers%2FuserHome,tier1_ats,high
82,Goldman Sachs,goldmansachs.com,Banking & Financial Services,57300000000,46500,New York,New York,https://www.goldmansachs.com/careers,custom,,tier2_llm_http,medium
83,HP,hp.com,Technology,55300000000,58000,Palo Alto,California,https://jobs.hp.com/,eightfold,https://hp-sandbox.eightfold.ai/careers/join?domain=hp-sandbox.com,tier1_ats,high
84,Charter Communications,charter.com,Telecom & Media,55100000000,94500,Stamford,Connecticut,,custom,,tier2_llm_http,low
85,Tyson Foods,tysonfoods.com,Retail & Consumer Goods,54400000000,138000,Springdale,Arkansas,https://www.tysonfoods.com/careers,workday,https://tysonfoods.wd5.myworkdayjobs.com/TSN,tier1_ats,high
86,American Airlines,aa.com,Transportation & Logistics,54300000000,133300,Fort Worth,Texas,https://jobs.aa.com?utm_source=careersite,successfactors,https://performancemanager4.successfactors.com/verp/vmod_v1/ui/extlib/jquery_3.5.1/jquery.js,tier4_custom_build,medium
87,Intel,intel.com,Technology,53400000000,108900,Santa Clara,California,https://intel.wd1.myworkdayjobs.com/External/page/6042070b79e01001f04fa9b468070000,workday,https://intel.wd1.myworkdayjobs.com/External/page/6042070b79e01001f04fa9b468070000,tier1_ats,high
88,Enterprise Products Partners,enterpriseproducts.com,Other,53000000000,7800,Houston,Texas,https://enterpriseproducts.com/careers/,taleo,https://epco.taleo.net/careersection/it/jobsearch.ftl?lang=en&amp;radiusType=M&amp;searchExpanded=false&amp;radius=1&amp;jobfield=4501372523&amp;jobfield=4401372523&amp;jobfield=4301372523&amp;jobfield=101372523&amp;jobfield=4201372523,tier1_ats,high
89,General Dynamics,gd.com,Manufacturing & Industrial,51500000000,117000,Reston,Virginia,https://www.gd.com/careers,custom,,tier2_llm_http,medium
90,Ingram Micro,ingrammicro.com,Technology,51000000000,26125,Irvine,California,https://careers.ingrammicro.com/en/,workday,https://ingrammicro.wd5.myworkdayjobs.com/en-US/IngramMicro/introduceYourself,tier1_ats,high
91,Liberty Mutual Insurance,libertymutual.com,Insurance,50400000000,40000,Boston,Massachusetts,https://www.libertymutualgroup.com/about-lm/careers/overview,custom,,tier2_llm_http,low
92,Uber,uber.com,Technology,49600000000,31100,San Francisco,California,https://jobs.uber.com/en/,beamery,https://flows.beamery.com/uber/join-our-talent-community,tier3_llm_browser,high
93,USAA,usaa.com,Insurance,48600000000,38018,San Antonio,Texas,https://www.usaa.com/careers?akredirect=true,custom,,tier2_llm_http,low
94,Travelers,travelers.com,Insurance,48400000000,34000,New York,New York,https://careers.travelers.com/,workday,https://travelers.wd5.myworkdayjobs.com/External,tier1_ats,high
95,Bristol-Myers Squibb,bms.com,Healthcare & Pharma,48000000000,34100,Princeton,New Jersey,https://careers.bms.com,workday,https://bristolmyerssquibb.wd5.myworkdayjobs.com/en-US/BMS/login,tier1_ats,high
96,Coca-Cola,coca-colacompany.com,Retail & Consumer Goods,47700000000,69700,Atlanta,Georgia,https://www.coca-colacompany.com/careers,workday,https://coke.wd1.myworkdayjobs.com/en-US/coca-cola-careers/introduceYourself?source=Client%20to%20define,tier1_ats,high
97,TIAA,tiaa.org,Insurance,46900000000,15623,New York,New York,https://careers.tiaa.org:443/,workday,https://tiaa.wd1.myworkdayjobs.com/en-US/Search/introduceYourself,tier1_ats,high
98,Plains GP,plains.com,Other,46900000000,4200,Houston,Texas,https://www.plains.com/careers,workday,https://plains.wd1.myworkdayjobs.com/plains\,tier1_ats,low
99,Nike,nike.com,Retail & Consumer Goods,46400000000,79400,Beaverton,Oregon,https://careers.nike.com/,paradox,https://cdn.sites.paradox.ai/media-assets/careers.nike.com/favicon.ico,tier3_llm_browser,high
100,Deere,deere.com,Manufacturing & Industrial,45700000000,55524,Moline,Illinois,https://about.deere.com/en-us/careers/,custom,,tier2_llm_http,medium
101,Qualcomm,qualcomm.com,Technology,44300000000,49000,San Diego,California,https://www.qualcomm.com/company/careers,eightfold,https://eightfold.ai/,tier1_ats,high
102,General Electric,ge.com,Manufacturing & Industrial,44000000000,53000,Evendale,Ohio,https://www.geaerospace.com/company/careers,custom,,tier2_llm_http,medium
103,Abbott Laboratories,abbott.com,Healthcare & Pharma,43800000000,114000,Abbott Park,Illinois,https://www.abbott.com/en-us/careers,workday,https://abbott.wd5.myworkdayjobs.com/abbottcareers/login,tier1_ats,high
104,Thermo Fisher Scientific,thermofisher.com,Other,43700000000,125000,Waltham,Massachusetts,https://jobs.thermofisher.com/global/en,brassring,https://sjobs.brassring.com/TGnewUI/Search/Home/Home?partnerid=25196&siteid=5146,tier1_ats,high
105,Netflix,netflix.com,Telecom & Media,43400000000,14000,Los Gatos,California,https://www.netflix.com/NotFound?prev=https%3A%2F%2Fwww.netflix.com%2Fcareers,custom,,tier2_llm_http,medium
106,Mass Mutual,massmutual.com,Insurance,43100000000,11192,Springfield,Massachusetts,https://www.massmutual.com/about-us/careers,custom,,tier2_llm_http,low
107,Molina Healthcare,molinahealthcare.com,Healthcare & Pharma,42800000000,18000,Long Beach,California,https://careers.molinahealthcare.com,talentbrew,https://tbcdn.talentbrew.com/company/21726/css/64188-GST.css,tier1_ats,high
108,Dollar General,dollargeneral.com,Retail & Consumer Goods,42100000000,194200,Goodlettsville,Tennessee,https://careers.dollargeneral.com,icims,https://cookie-policy-scripts.icims.com/dollargeneral/careers.dollargeneral.com/script.js,tier1_ats,medium
109,Best Buy,bestbuy.com,Retail & Consumer Goods,41800000000,85000,Richfield,Minnesota,https://careers.bestbuy.com/bby,custom,,tier2_llm_http,medium
110,Northwestern Mutual,northwesternmutual.com,Insurance,41400000000,8249,Milwaukee,Wisconsin,https://www.northwesternmutual.com/careers/,icims,https://opportunities-northwesternmutual.icims.com/jobs/2952/connect-with-a-recruiter/login\,tier1_ats,low
111,Northrop Grumman,northropgrumman.com,Manufacturing & Industrial,40900000000,97000,Falls Church,Virginia,https://www.northropgrumman.com/careers,eightfold,https://ngc.eightfold.ai/careerhub,tier1_ats,high
112,Dow,dow.com,Manufacturing & Industrial,40900000000,36000,Midland,Michigan,https://jobs.dow.com,custom,,tier2_llm_http,medium
113,Honeywell,honeywell.com,Manufacturing & Industrial,40700000000,102000,Charlotte,North Carolina,https://careers.honeywell.com/en/sites/Honeywell,oracle_recruiting,https://ibqbjb.fa.ocs.oraclecloud.com:443/hcmRestApi/CandidateExperience/siteFavicon/favicon-16x16.png?siteNumber=CX_1&size=16x16,tier1_ats,medium
114,Salesforce,salesforce.com,Technology,40300000000,76453,San Francisco,California,https://www.salesforce.com/jp/company/careers/jobs/,workday,,tier1_ats,high
115,Visa,visa.com,Banking & Financial Services,40000000000,31600,San Francisco,California,https://corporate.visa.com/en/careers.html,workday,https://visa.wd5.myworkdayjobs.com/Visa,tier1_ats,high
116,Philip Morris,pmi.com,Retail & Consumer Goods,40000000000,83100,Stamford,Connecticut,https://www.pmi.com/careers/overview,custom,,tier2_llm_http,medium
117,CBRE,cbre.com,Other,39300000000,140000,Dallas,Texas,https://www.cbre.com/careers,custom,,tier2_llm_http,medium
118,CHS,chsinc.com,Retail & Consumer Goods,39300000000,10730,Inver Grove Heights,Minnesota,https://career4.successfactors.com/career?company=CHSProd&site=&lang=en_US&requestParams=&navBarLevel=MY%5fPROFILE&_s.crb=%2b2xH2k2X4LkfszQG3KK1MifBokNRO7d%2fkLfK6SrI504%3d,successfactors,https://career4.successfactors.com/career?company=CHSProd&site=&lang=en_US&requestParams=&navBarLevel=MY%5fPROFILE&_s.crb=%2b2xH2k2X4LkfszQG3KK1MifBokNRO7d%2fkLfK6SrI504%3d,tier3_llm_browser,high
119,US Foods,usfoods.com,Other,39100000000,30000,Rosemont,Illinois,https://careers.usfoods.com/us/en,phenom,,tier1_ats,medium
120,Warner Bros. Discovery,wbd.com,Telecom & Media,37900000000,35000,New York,New York,https://careers.wbd.com:443/global/en,phenom,,tier1_ats,medium
121,GE Vernova,gevernova.com,Energy & Utilities,37700000000,76800,Cambridge,Massachusetts,https://www.gevernova.com/software/careers,custom,,tier2_llm_http,medium
122,World Kinect,world-kinect.com,Energy & Utilities,37700000000,4745,Miami,Florida,https://www.world-kinect.com/careers,workday,https://wfscorp.wd5.myworkdayjobs.com/wfscareers,tier1_ats,high
123,Mondelez,mondelezinternational.com,Retail & Consumer Goods,37700000000,90000,Chicago,Illinois,https://www.mondelezinternational.com/careers/index.html,phenom,,tier1_ats,low
124,Lithia Motors,lithiadriveway.com,Retail & Consumer Goods,37600000000,30164,Medford,Oregon,https://careers.lithiadriveway.com/,custom,,tier2_llm_http,medium
125,Micron Technology,micron.com,Technology,37400000000,48000,Boise,Idaho,https://www.micron.com/about/careers,eightfold,https://micron.eightfold.ai/careers/join?domain=micron.com&jtn_form_id=MMC,tier1_ats,high
126,Starbucks,starbucks.com,Other,37200000000,361000,Seattle,Washington,https://careers.starbucks.com,eightfold,https://starbucks.eightfold.ai/careers,tier1_ats,low
127,Amgen,amgen.com,Healthcare & Pharma,36000000000,28000,Thousand Oaks,California,https://careers.amgen.com/en,talentbrew,https://tbcdn.talentbrew.com/company/27552/v2_0/css/jquery-fancybox-min.css,tier1_ats,high
128,Lennar,lennar.com,Other,34800000000,13265,Miami,Florida,https://careers.lennar.com,workday,https://www.myworkday.com/lennar/d/task/2998$46522.htmld,tier1_ats,high
129,Hewlett Packard,hpe.com,Technology,34299999999,61000,Spring,Texas,https://careers.hpe.com/us/en,phenom,,tier1_ats,medium
130,D.R. Horton,drhorton.com,Other,34299999999,14766,Arlington,Texas,https://www.drhorton.com/careers,taleo,https://drhorton.taleo.net/careersection/2/jobsearch.ftl?lang=en,tier4_custom_build,high
131,Coupang,aboutcoupang.com,Technology,33700000000,95000,Seattle,Washington,https://www.aboutcoupang.com/,custom,,tier2_llm_http,low
132,Cummins,cummins.com,Manufacturing & Industrial,33600000000,69600,Columbus,Indiana,https://www.cummins.com/en-in/careers,custom,,tier2_llm_http,medium
133,GuideWell Mutual,guidewell.com,Insurance,33000000000,17936,Jacksonville,Florida,https://fa-etum-saasfaprod1.fa.ocs.oraclecloud.com/hcmUI/CandidateExperience/en/sites/CX_1,oracle_recruiting,https://fa-etum-saasfaprod1.fa.ocs.oraclecloud.com/hcmUI/CandidateExperience/en/sites/CX_1,tier1_ats,high
134,PayPal,paypal.com,Banking & Financial Services,32900000000,24400,San Jose,California,https://careers.pypl.com/home/,eightfold,https://paypal.eightfold.ai/candidate/login?domain=paypal.com,tier1_ats,high
135,Advanced Micro Devices,amd.com,Technology,32000000000,28000,Santa Clara,California,https://www.amd.com/en/corporate/careers.html?utm_campaign=careers&utm_medium=redirect&utm_source=301,icims,https://internal-amd.icims.com/jobs/search?back=none&amp;redirect=search,tier1_ats,high
136,Nucor,nucor.com,Manufacturing & Industrial,31900000000,32700,Charlotte,North Carolina,https://nucor.com/careers,custom,,tier2_llm_http,medium
137,United Natural Foods,unfi.com,Other,31800000000,28333,Providence,Rhode Island,https://jobs.unfi.com,custom,,tier2_llm_http,medium
138,Oneok,oneok.com,Other,31600000000,5177,Tulsa,Oklahoma,https://www.oneok.com/careers,workday,https://oneok.wd1.myworkdayjobs.com/ONEOK,tier1_ats,high
139,Mastercard,mastercard.com,Banking & Financial Services,31500000000,35300,Purchase,New York,https://careers.mastercard.com/us/en,workday,https://mastercard.wd1.myworkdayjobs.com/CorporateCareers,tier1_ats,high
140,Duke Energy,duke-energy.com,Energy & Utilities,31200000000,26413,Charlotte,North Carolina,https://dukeenergy.wd1.myworkdayjobs.com/search,workday,https://dukeenergy.wd1.myworkdayjobs.com/search,tier1_ats,medium
141,Ferguson,ferguson.com,Other,31200000000,35000,Newport News,Virginia,https://www.ferguson.com/content/corporate-information/careers/,workday,https://ferguson.wd1.myworkdayjobs.com/Ferguson_Experienced,tier1_ats,high
142,Penske Automotive,penskeautomotive.com,Retail & Consumer Goods,30700000000,28938,Bloomfield Hills,Michigan,https://www.penskeautomotive.com/about/careers,custom,,tier2_llm_http,medium
143,Jabil,jabil.com,Technology,29800000000,138000,St. Petersburg,Florida,https://jabil.wd5.myworkdayjobs.com/en-US/Jabil_Careers/introduceYourself,workday,https://jabil.wd5.myworkdayjobs.com/en-US/Jabil_Careers/introduceYourself,tier1_ats,high
144,NRG Energy,nrg.com,Energy & Utilities,29800000000,15637,Houston,Texas,https://www.nrg.com/about/careers.html,successfactors,https://career4.successfactors.com/career?company=C0004920031P&site=VjItSmFoc1VqUEliN25XSmxwcnB4TjZ5QT09&lang=en_US&requestParams=&login_ns=register&jobPipeline=Career%20Site&clientId=jobs2web&navBarLevel=MY%5fPROFILE&brandUrl=nrg&_s.crb=6hnyt3wzkyN6OjWivnkUAoHucNDRuGQIyORFDEEI1sI%3d,tier3_llm_browser,high
145,PBF Energy,pbfenergy.com,Energy & Utilities,29500000000,3855,Parsippany,New Jersey,https://www.pbfenergy.com/careers/,workday,https://pbfenergy.wd1.myworkdayjobs.com/PBF,tier1_ats,high
146,Paccar,paccar.com,Manufacturing & Industrial,29500000000,30100,Bellevue,Washington,https://jobs.paccar.com,successfactors,https://performancemanager5.successfactors.eu/verp/vmod_v1/ui/extlib/jquery_3.5.1/jquery.js,tier3_llm_browser,medium
147,Arrow Electronics,arrow.com,Technology,29400000000,21520,Centennial,Colorado,https://careers.arrow.com/us/en,workday,https://arrow.wd1.myworkdayjobs.com/en-US/AC/login,tier1_ats,high
148,Gilead Sciences,gilead.com,Healthcare & Pharma,29100000000,17600,Foster City,California,https://www.gilead.com/careers,custom,,tier2_llm_http,medium
149,Southern,southerncompany.com,Energy & Utilities,28900000000,28457,Atlanta,Georgia,https://southerncompany.jobs/,custom,,tier2_llm_http,medium
150,Capital One,capitalone.com,Banking & Financial Services,28900000000,52600,McLean,Virginia,,custom_js_only,,tier3_llm_browser,low
151,Paramount,paramount.com,Telecom & Media,28700000000,20350,New York,New York,https://cms.paramount.com/careers,successfactors,https://career41.sapsf.com/career?career_company=viacomcbsi&lang=en_US&company=viacomcbsi&site=&loginFlowRequired=true&_s.crb=tNTDw5w74Q1xchfzDOMgGAIHC%2fQZikHdQhDfpi6qN98%3d,tier3_llm_browser,high
152,Applied Materials,appliedmaterials.com,Technology,28400000000,35700,Santa Clara,California,https://careers.appliedmaterials.com/careers,eightfold,"https://app.eightfold.ai/careers?domain=appliedmaterials.com&#34;},",tier1_ats,low
153,CarMax,carmax.com,Retail & Consumer Goods,28300000000,29836,Richmond,Virginia,https://careers.carmax.com,workday,https://carmax.wd1.myworkdayjobs.com/External/login,tier1_ats,high
154,AutoNation,autonation.com,Retail & Consumer Goods,27900000000,25100,Fort Lauderdale,Florida,https://autonation.wd5.myworkdayjobs.com/Careers/login,workday,https://autonation.wd5.myworkdayjobs.com/Careers/login,tier1_ats,high
155,Hartford Insurance,thehartford.com,Insurance,27900000000,19100,Hartford,Connecticut,https://www.thehartford.com/careers,workday,https://thehartford.wd5.myworkdayjobs.com/Careers_External/login,tier1_ats,high
156,Baker Hughes,bakerhughes.com,Energy & Utilities,27700000000,57000,Houston,Texas,https://careers.bakerhughes.com,custom,,tier2_llm_http,medium
157,Southwest Airlines,southwest.com,Transportation & Logistics,27600000000,72450,Dallas,Texas,https://careers.southwestair.com/us/en/,phenom,,tier1_ats,medium
158,Apollo Global Management,apollo.com,Banking & Financial Services,27200000000,5108,New York,New York,https://www.apollo.com/careers,workday,https://wd5.myworkday.com/wday/authgwy/athene/login.htmld?returnTo=%2fathene%2fd%2fhome.htmld,tier1_ats,medium
159,Quanta Services,quantaservices.com,Other,27200000000,58400,Houston,Texas,https://www.quantaservices.com/careers,icims,https://allcareers-quanta.icims.com/,tier1_ats,high
160,American International,aig.com,Insurance,27100000000,22200,New York,New York,https://www.aig.com/home/careers,workday,https://aig.wd1.myworkdayjobs.com/aig,tier1_ats,high
161,HF Sinclair,hfsinclair.com,Energy & Utilities,26900000000,5297,Dallas,Texas,https://www.hfsinclair.com/home/default.aspx,custom,,tier2_llm_http,medium
162,Occidental Petroleum,oxy.com,Energy & Utilities,26600000000,13323,Houston,Texas,https://www.oxy.com/careers/,workday,https://oxy.wd5.myworkdayjobs.com/Corporate,tier1_ats,high
163,Marsh & McLennan,marshmclennan.com,Banking & Financial Services,26500000000,90000,New York,New York,https://careers.marsh.com/eu/en,phenom,,tier1_ats,medium
164,NextEra Energy,nexteraenergy.com,Energy & Utilities,26300000000,16800,Juno Beach,Florida,https://www.nexteraenergy.com/careers/join-our-team.html,custom,,tier2_llm_http,medium
165,McDonald's,mcdonalds.com,Other,26300000000,150000,Chicago,Illinois,https://karriere.mcdonalds.de/,paradox,,tier3_llm_browser,high
166,Booking.com,bookingholdings.com,Technology,26000000000,24179,Norwalk,Connecticut,,custom,,tier2_llm_http,low
167,U.S. Bancorp,usbank.com,Banking & Financial Services,26000000000,70263,Minneapolis,Minnesota,https://careers.usbank.com/global/en,workday,https://usbank.wd1.myworkdayjobs.com/US_Bank_Careers/login,tier1_ats,high
168,Freeport-McMoRan,fcx.com,Energy & Utilities,26000000000,28500,Phoenix,Arizona,https://fcx.com/careers,custom,,tier2_llm_http,medium
169,Jones Lang LaSalle,jll.com,Other,25300000000,112100,Chicago,Illinois,https://www.jll.com/de-de/careers,workday,https://jll.wd1.myworkdayjobs.com/jllcareers/job/Chicago-IL/JLL-s-Talent-Network_REQ445692?source=APPLICANT_SOURCE-6-36,tier1_ats,high
170,Kraft Heinz,kraftheinzcompany.com,Retail & Consumer Goods,25200000000,36000,Chicago,Illinois,,custom_js_only,,tier3_llm_browser,low
171,Marriott International,marriott.com,Other,25100000000,155000,Bethesda,Maryland,https://careers.marriott.com/,oracle_recruiting,https://ejwl.fa.us2.oraclecloud.com/hcmUI/CandidateExperience/en/sites/CX/my-profile/sign-in,tier1_ats,high
172,Constellation Energy,constellationenergy.com,Energy & Utilities,24800000000,14240,Baltimore,Maryland,https://jobs.constellationenergy.com/careers-home/,icims,https://careers-constellationenergy.icims.com/jobs/login?loginOnly=1,tier1_ats,high
173,3M,3m.com,Manufacturing & Industrial,24800000000,61500,St. Paul,Minnesota,https://www.3m.com/3M/en_WW/careers-select-location/?utm_medium=redirect&utm_source=vanity-url&utm_campaign=www.3m.com/careers,workday,https://3m.wd1.myworkdayjobs.com/es/Search,tier1_ats,high
174,Waste Management,wm.com,Other,24800000000,61700,Houston,Texas,https://www.wm.com/us/en/inside-wm/careers,oracle_recruiting,https://emcm.fa.us2.oraclecloud.com/hcmUI/CandidateExperience/en/sites/WMCareers/requisitions?mode=location&amp;utm_source=wmlandingpage,tier1_ats,high
175,PG&E,pgecorp.com,Energy & Utilities,24800000000,28410,Oakland,California,https://careers.pge.com/,talentbrew,https://tbcdn.talentbrew.com/company/29673/v2_0/documents/pge_equal_employment_opportunity_policy_new-11-17-22.pdf,tier1_ats,high
176,Live Nation Entertainment,livenationentertainment.com,Telecom & Media,24600000000,24200,Beverly Hills,California,https://www.livenationentertainment.com/careers,workday,https://livenation.wd503.myworkdayjobs.com/en-US/LNExternalSite,tier1_ats,high
177,Union Pacific,up.com,Transportation & Logistics,24600000000,32439,Omaha,Nebraska,https://www.up.com/careers,successfactors,https://performancemanager4.successfactors.com/sf/,tier3_llm_browser,medium
178,Stryker,stryker.com,Healthcare & Pharma,24400000000,53000,Portage,Michigan,https://www.stryker.com/us/en/about.html,custom,,tier2_llm_http,medium
179,International Paper,internationalpaper.com,Other,24300000000,37000,Memphis,Tennessee,https://iazbqy.fa.ocs.oraclecloud.com/hcmUI/CandidateExperience/en/sites/CX_1,oracle_recruiting,https://iazbqy.fa.ocs.oraclecloud.com/hcmUI/CandidateExperience/en/sites/CX_1,tier1_ats,high
180,Exelon,exeloncorp.com,Energy & Utilities,24300000000,20014,Chicago,Illinois,https://www.exeloncorp.com/grid/join-us-at-exelon-where-people-with-purpose-power-their-careers-and-the-future-of-energy,icims,https://careers-exeloncorp.icims.com/jobs/login?loginOnly=1,tier1_ats,high
181,Danaher,danaher.com,Healthcare & Pharma,24300000000,62000,Washington,District Of Columbia,https://jobs.danaher.com/global/en,phenom,,tier1_ats,medium
182,Genuine Parts,genpt.com,Other,24100000000,63000,Atlanta,Georgia,https://jobs.genpt.com/,talentbrew,https://tbcdn.talentbrew.com/company/505/gst-v2_0_main/slick/slick.min.css,tier1_ats,high
183,Block,block.xyz,Banking & Financial Services,24000000000,11372,Oakland,California,https://block.xyz/careers/jobs?,greenhouse,https://boards.greenhouse.io/embed/job_board/js?for=block,tier1_ats,medium
184,Adobe,adobe.com,Technology,23800000000,30709,San Jose,California,https://www.adobe.com/careers.html,workday,https://adobe.wd5.myworkdayjobs.com/en-US/external_experienced/login,tier1_ats,high
185,Sherwin-Williams,sherwin-williams.com,Manufacturing & Industrial,23300000000,63890,Cleveland,Ohio,https://careers.sherwin-williams.com/us/en/home.html,oracle_recruiting,https://ejhp.fa.us6.oraclecloud.com/hcmUI/CandidateExperience/en/sites/CX_2/my-profile/sign-in,tier1_ats,high
186,Lear,lear.com,Manufacturing & Industrial,23000000000,173700,Southfield,Michigan,https://www.lear.com/careers,custom,,tier2_llm_http,medium
187,WESCO International,wesco.com,Other,22900000000,20000,Pittsburgh,Pennsylvania,https://www.wesco.com/us/en/our-company/careers.html,paradox,https://olivia.paradox.ai,tier3_llm_browser,low
188,Charles Schwab,aboutschwab.com,Banking & Financial Services,22900000000,32100,Westlake,Texas,https://www.schwabjobs.com/,talentbrew,https://tbcdn.talentbrew.com/company/27326/gst_v1_0/js/animations.css,tier1_ats,high
189,BlackRock,blackrock.com,Banking & Financial Services,22900000000,21100,New York,New York,https://www.blackrock.com/jp/individual/ja/about-us/careers,custom,,tier2_llm_http,medium
190,Macy's,macysinc.com,Retail & Consumer Goods,22700000000,94189,New York,New York,https://www.macysinc.com:443/work-with-us/careers/default.aspx,oracle_recruiting,https://ebwh.fa.us2.oraclecloud.com/hcmUI/CandidateExperience/en/sites/CX_1001/,tier1_ats,high
191,EOG Resources,eogresources.com,Energy & Utilities,22700000000,3150,Houston,Texas,https://www.eogresources.com/jobs,custom,,tier2_llm_http,medium
192,1 Automotive,group1auto.com,Retail & Consumer Goods,22500000000,20413,Houston,Texas,,icims,,tier1_ats,high
193,Avnet,avnet.com,Technology,22500000000,15462,Phoenix,Arizona,,custom,,tier2_llm_http,low
194,Reinsurance of America,rgare.com,Insurance,22300000000,4100,Chesterfield,Missouri,https://www.rgarecareers.com/us/en,phenom,,tier1_ats,low
195,KKR,kkr.com,Banking & Financial Services,22300000000,4834,New York,New York,https://www.kkr.com/careers,custom,,tier2_llm_http,medium
196,Halliburton,halliburton.com,Energy & Utilities,22100000000,48000,Houston,Texas,https://careers.halliburton.com,talentbrew,https://tbcdn.talentbrew.com/company/27552/v2_0/css/jquery-fancybox-min.css,tier1_ats,high
197,CDW,cdw.com,Technology,22100000000,15100,Vernon Hills,Illinois,,custom,,tier2_llm_http,low
198,Carrier Global,carrier.com,Manufacturing & Industrial,22100000000,48000,Palm Beach Gardens,Florida,https://www.carrier.com/carrier/en/worldwide/error-404.html,workday,https://carrier.wd5.myworkdayjobs.com/jobs/login,tier1_ats,high
199,Ross Stores,rossstores.com,Retail & Consumer Goods,22000000000,107000,Dublin,California,https://jobs.rossstores.com/,activate,https://jobs.rossstores.com/,tier3_llm_browser,high
200,Becton Dickinson,bd.com,Healthcare & Pharma,21800000000,74000,Franklin Lakes,New Jersey,https://jobs.bd.com/en,talentbrew,https://tbcdn.talentbrew.com/company/159/gst-v3/vendors/fancybox/fancybox.min.css,tier1_ats,high
201,PNC,pnc.com,Banking & Financial Services,21800000000,54435,Pittsburgh,Pennsylvania,https://careers.pnc.com/global/en,beamery,https://flows.beamery.com/pnc/tc-signup,tier3_llm_browser,medium
202,L3Harris Technologies,l3harris.com,Manufacturing & Industrial,21700000000,47000,Melbourne,Florida,https://careers.l3harris.com/en?rid=5411,talentbrew,https://tbcdn.talentbrew.com/company/4832/css/61181-GST.css,tier1_ats,high
203,Newmont,newmont.com,Energy & Utilities,21500000000,22200,Denver,Colorado,https://newmont.com/careers/home/,phenom,https://jobs.newmont.com/us/en,tier1_ats,medium
204,American Family Insurance,amfam.com,Insurance,21300000000,11073,Madison,Wisconsin,https://flows.beamery.com/afienterprise/talentcommunity,beamery,https://flows.beamery.com/afienterprise/talentcommunity,tier3_llm_browser,high
205,American Electric Power,aep.com,Energy & Utilities,21300000000,16330,Columbus,Ohio,https://www.aep.com/careers/,workday,https://aep.wd1.myworkdayjobs.com/en-US/AEPCareerSite/jobAlerts,tier1_ats,high
206,BJ's Wholesale Club,bjs.com,Retail & Consumer Goods,21200000000,33000,Marlborough,Massachusetts,https://careers.bjs.com,workday,https://bjswholesaleclub.wd1.myworkdayjobs.com/BJsCareers,tier1_ats,high
207,Fiserv,fiserv.com,Banking & Financial Services,21200000000,38000,Milwaukee,Wisconsin,https://careers.fiserv.com/us/en,phenom,,tier1_ats,medium
208,Super Micro Computer,supermicro.com,Technology,21100000000,5684,San Jose,California,https://www.supermicro.com/en/jobs,custom,,tier2_llm_http,medium
209,Amphenol,amphenol.com,Other,21000000000,125000,Wallingford,Connecticut,https://amphenol.com/careers,custom,,tier2_llm_http,medium
210,Automatic Data Processing,adp.com,Other,20900000000,64000,Roseland,New Jersey,https://www.adp.ca/fr-ca/ressources/articles-et-perspectives/articles/c/emploi-des-deux-cotes-de-la-frontiere.aspx,adp,https://www.adp.com/who-we-serve.aspx,tier1_ats,medium
211,Cognizant Technology,cognizant.com,Technology,20900000000,336800,Teaneck,New Jersey,https://www.cognizant.com/us/en,custom,,tier2_llm_http,medium
212,Tenet Healthcare,tenethealth.com,Healthcare & Pharma,20900000000,86240,Dallas,Texas,https://eodr.fa.us2.oraclecloud.com/hcmUI/CandidateExperience/en/sites/CX_1001/my-profile/sign-in,oracle_recruiting,https://eodr.fa.us2.oraclecloud.com/hcmUI/CandidateExperience/en/sites/CX_1001/my-profile/sign-in,tier1_ats,high
213,GE HealthCare Technologies,gehealthcare.com,Healthcare & Pharma,20300000000,53000,Chicago,Illinois,https://www.gehealthcare.com/en-sg/gatekeeper?ReturnURL=%2fen-sg%2fproducts%2fcareers&id=C703ECA611454F9DBAD23AB16F749A25,custom,,tier2_llm_http,medium
214,Altria,altria.com,Retail & Consumer Goods,20200000000,6200,Richmond,Virginia,https://www.altria.com/contact-us/careers,phenom,,tier1_ats,low
215,Colgate-Palmolive,colgatepalmolive.com,Retail & Consumer Goods,20100000000,34000,New York,New York,https://jobs.colgate.com/,successfactors,https://performancemanager4.successfactors.com/verp/vmod_v1/ui/extlib/jquery_3.5.1/jquery.js,tier3_llm_browser,medium
216,Parker-Hannifin,parker.com,Manufacturing & Industrial,20000000000,61120,Cleveland,Ohio,https://www.parker.com/us/en/careers.html,custom,,tier2_llm_http,medium
217,Bank of New York,bny.com,Banking & Financial Services,19700000000,51800,New York,New York,https://www.bny.com/corporate/global/en/about-us/careers/work-with-us.html,oracle_recruiting,https://eofe.fa.us2.oraclecloud.com/hcmUI/CandidateExperience/en/sites/BNY-Careers,tier1_ats,high
218,Kimberly-Clark,kimberly-clark.com,Retail & Consumer Goods,19700000000,38000,Irving,Texas,https://www.kimberly-clark.com/careers,custom,,tier2_llm_http,medium
219,Lam Research,lamresearch.com,Technology,19600000000,17450,Fremont,California,https://www.lamresearch.com/careers/careers-overview/?utm_source=vanity&utm_campaign=lam_careers_vanity&utm_medium=vanity&utm_content=careers_vanity,eightfold,https://lamresearch.eightfold.ai/careers?domain=lamresearch.com&amp;start=0&amp;pid=sort_by=timestamp&amp;filter_job_function=Field+Service+Engineering,tier1_ats,high
220,Intuit,intuit.com,Technology,19400000000,24200,Mountain View,California,https://www.intuit.com/careers/,custom_js_only,,tier3_llm_browser,low
221,Boston Scientific,bostonscientific.com,Healthcare & Pharma,19400000000,53000,Marlborough,Massachusetts,https://www.bostonscientific.com/DE-Deutsch/ueber-uns/karriere.html,eightfold,https://bostonscientific.eightfold.ai/careers?start=0&location=Germany&pid=563602809358739&sort_by=distance&filter_include_remote=1,tier1_ats,high
222,AutoZone,autozone.com,Retail & Consumer Goods,19300000000,100800,Memphis,Tennessee,https://careers.autozone.com/hcmUI/CandidateExperience/en/sites/CX_1,oracle_recruiting,https://egud.fa.us2.oraclecloud.com:443/hcmUI/CandidateExperience/images?imageId=BD4D2BEE-8AF0-47D1-86C6-E6F0B7FB4BB3,tier1_ats,low
223,General Mills,generalmills.com,Retail & Consumer Goods,19200000000,34000,Minneapolis,Minnesota,https://careers.generalmills.com/careers/?lang=en-US,workday,https://www.myworkday.com/genmills/d/home.htmld,tier1_ats,medium
224,Dollar Tree,dollartree.com,Retail & Consumer Goods,19000000000,139572,Chesapeake,Virginia,https://careers.dollartree.com/us/en,phenom,,tier1_ats,medium
225,Cheniere Energy,cheniere.com,Other,18900000000,1714,Houston,Texas,https://www.cheniere.com/careers,oracle_recruiting,https://hcgi.fa.us2.oraclecloud.com/hcmUI/CandidateExperience/en/sites/CX_2,tier1_ats,medium
226,Cleveland-Cliffs,clevelandcliffs.com,Manufacturing & Industrial,18600000000,30000,Cleveland,Ohio,https://careers.clevelandcliffs.com/,bamboohr,,tier1_ats,low
227,Ameriprise Financial,ameriprise.com,Banking & Financial Services,18500000000,13600,Minneapolis,Minnesota,https://www.ameriprise.com/careers,custom,,tier2_llm_http,medium
228,Aramark,aramark.com,Other,18500000000,266680,Philadelphia,Pennsylvania,https://careers.aramark.com/,paradox,https://aramark.paradox.ai/co/Aramark1313/UpcomingEvent,tier3_llm_browser,high
229,Lincoln National,lincolnfinancial.com,Insurance,18400000000,9783,Radnor,Pennsylvania,https://www.lincolnfinancial.com/public/aboutus/careers,successfactors,,tier3_llm_browser,high
230,Corebridge Financial,corebridgefinancial.com,Banking & Financial Services,18300000000,5200,Houston,Texas,https://www.corebridgefinancial.com/careers,workday,https://corebridgefinancial.wd1.myworkdayjobs.com/CorebridgeFinancial,tier1_ats,high
231,Goodyear Tire & Rubber,goodyear.com,Manufacturing & Industrial,18300000000,68000,Akron,Ohio,https://corporate.goodyear.com/us/en/company/working-at-goodyear.html,workday,https://goodyear.wd1.myworkdayjobs.com/GoodyearCareers,tier1_ats,high
232,Truist Financial,truist.com,Banking & Financial Services,18300000000,37552,Charlotte,North Carolina,https://careers.truist.com/us/en,phenom,,tier1_ats,medium
233,Loews,loews.com,Insurance,18300000000,13000,New York,New York,https://loews.com/careers/,workday,https://loewscorp.wd1.myworkdayjobs.com/loewscorp,tier1_ats,high
234,Carvana,carvana.com,Retail & Consumer Goods,18300000000,17400,Tempe,Arizona,,custom,,tier2_llm_http,low
235,Global Partners,globalp.com,Energy & Utilities,18100000000,3833,Waltham,Massachusetts,https://www.globalp.com/who-we-are/careers,custom,,tier2_llm_http,medium
236,Edison International,edisoninvestor.com,Energy & Utilities,18100000000,14013,Rosemead,California,https://www.edison.com/investors,successfactors,https://career8.successfactors.com/career?company=C0003043182P&site=&lang=en_US&login_ns=login&loginFlowRequired=true,tier4_custom_build,high
237,Emerson Electric,emerson.com,Manufacturing & Industrial,18000000000,73000,St. Louis,Missouri,https://www.emerson.cn/zh/corporate/careers,oracle_recruiting,https://hdjq.fa.us2.oraclecloud.com/hcmUI/CandidateExperience/en/sites/CX_1/jobs#xd_co_f=NGViM2FkN2YtYjFmYi00ZDc4LWIyODAtN2MzMWU3MWI0NWMw~,tier1_ats,high
238,Asbury Automotive,asburyauto.com,Retail & Consumer Goods,17800000000,15000,Duluth,Georgia,,custom,,tier2_llm_http,low
239,W.W. Grainger,grainger.com,Other,17800000000,25000,Lake Forest,Illinois,https://jobs.grainger.com,successfactors,https://performancemanager8.successfactors.com/verp/vmod_v1/ui/extlib/jquery_3.5.1/jquery.js,tier3_llm_browser,medium
240,Aflac,aflac.com,Insurance,17700000000,12694,Columbus,Georgia,https://careers.aflac.com,successfactors,https://performancemanager4.successfactors.com/verp/vmod_v1/ui/extlib/jquery_3.5.1/jquery.js,tier3_llm_browser,medium
241,Manpower,manpowergroup.com,Other,17600000000,26700,Milwaukee,Wisconsin,https://www.manpowergroup.com/careers,custom,,tier2_llm_http,medium
242,Steel Dynamics,steeldynamics.com,Manufacturing & Industrial,17600000000,13000,Fort Wayne,Indiana,https://www.steeldynamics.com/careersnew/,icims,https://careers-steeldynamics.icims.com/,tier1_ats,high
243,Pulte,pultegroupinc.com,Other,17600000000,6793,Atlanta,Georgia,https://pultegroupinc.com/careers/opportunities/default.aspx,workday,https://pultegroup.wd1.myworkdayjobs.com/PGI,tier1_ats,high
244,Discover Financial,discover.com,Banking & Financial Services,17500000000,21000,Riverwoods,Illinois,https://www.discover.com/careers/,eightfold,https://capitalone.eightfold.ai/events/open?domain=capitalone.com,tier1_ats,high
245,Corteva,corteva.com,Retail & Consumer Goods,17500000000,22000,Indianapolis,Indiana,https://careers.corteva.com,eightfold,https://corteva.eightfold.ai/events/open?domain=corteva.com&#038;utm_source=event,tier1_ats,high
246,O'Reilly Automotive,oreillyauto.com,Retail & Consumer Goods,17500000000,85579,Springfield,Missouri,https://careers.oreillyauto.com/us/en,phenom,,tier1_ats,medium
247,Targa Resources,targaresources.com,Other,17400000000,3370,Houston,Texas,https://www.targaresources.com/careers/careers-overview,custom,,tier2_llm_http,low
248,Leidos,leidos.com,Technology,17300000000,48000,Reston,Virginia,,custom,,tier2_llm_http,low
249,MGM Resorts International,mgmresorts.com,Other,17300000000,69000,Las Vegas,Nevada,https://careers.mgmresorts.com/,custom,,tier2_llm_http,medium
250,Texas Instruments,ti.com,Technology,17300000000,34000,Dallas,Texas,https://careers.ti.com/en/sites/CX,oracle_recruiting,https://edbz.fa.us2.oraclecloud.com:443/hcmRestApi/CandidateExperience/siteFavicon/favicon-16x16.png?siteNumber=CX&size=16x16,tier1_ats,medium
251,Vistra,vistracorp.com,Energy & Utilities,17200000000,6850,Irving,Texas,https://vistracorp.com/careers/,workday,https://vst.wd5.myworkdayjobs.com/en-US/vistra_careers,tier1_ats,high
252,Murphy USA,murphyusa.com,Retail & Consumer Goods,17000000000,11550,El Dorado,Arkansas,,custom,,tier2_llm_http,low
253,Universal Health Services,uhs.com,Healthcare & Pharma,17000000000,87500,King of Prussia,Pennsylvania,https://jobs.uhs.com/careers/,icims,https://careers-uhsinc.icims.com/jobs/login?loginOnly=1&redirect=&hashed=-626005006,tier1_ats,high
254,Casey's General Stores,caseys.com,Retail & Consumer Goods,17000000000,33147,Ankeny,Iowa,,custom,,tier2_llm_http,low
255,Peter Kiewit Sons',kiewit.com,Other,16800000000,31800,Omaha,Nebraska,https://talent.kiewit.com,successfactors,https://kiewitcareers.kiewit.com/,tier3_llm_browser,medium
256,Consolidated Edison,conedison.com,Energy & Utilities,16600000000,15097,New York,New York,https://www.oru.com/en/about-us/careers,oracle_recruiting,https://ejcu.fa.us6.oraclecloud.com/hcmUI/CandidateExperience/en/sites/CX_1036,tier1_ats,high
257,Devon Energy,devonenergy.com,Energy & Utilities,16600000000,2300,Oklahoma City,Oklahoma,https://www.devonenergy.com/careers,workday,,tier1_ats,low
258,C.H. Robinson Worldwide,chrobinson.com,Transportation & Logistics,16500000000,13781,Eden Prairie,Minnesota,https://www.chrobinson.com/en-us/careers/,workday,https://chrobinson.wd5.myworkdayjobs.com/CHRobinson/page/3e8b8b1707d61001a64a805e2ac80000,tier1_ats,high
259,Republic Services,republicservices.com,Other,16500000000,42000,Phoenix,Arizona,https://jobs.republicservices.com/us/en,phenom,,tier1_ats,low
260,Guardian Life,guardianlife.com,Insurance,16500000000,7472,New York,New York,https://www.guardianlife.com/careers,workday,https://guardianlife.wd5.myworkdayjobs.com/Guardian-Life-Careers,tier1_ats,high
261,Fox,foxcorporation.com,Telecom & Media,16500000000,10200,New York,New York,https://www.foxcorporation.com/,custom,,tier2_llm_http,medium
262,Kinder Morgan,kindermorgan.com,Other,16399999999,10933,Houston,Texas,https://kindermorgan.com/Careers/charlestonjobs,custom,,tier2_llm_http,medium
263,Edward Jones,edwardjones.com,Banking & Financial Services,16300000000,55000,Des Peres,Missouri,https://careers.edwardjones.com,brassring,https://sjobs.brassring.com/TGnewUI/Search/Home/Home?partnerid=26235&#038;siteid=5374%23home,tier1_ats,high
264,EMCOR,emcorgroup.com,Other,16200000000,40400,Norwalk,Connecticut,https://emcorgroup.com/careers,icims,https://careers-emcorgroup.icims.com/jobs/search?hashed=-625856116,tier1_ats,high
265,Markel,mklgroup.com,Insurance,16200000000,22000,Glen Allen,Virginia,,custom,,tier2_llm_http,low
266,Land O'Lakes,landolakesinc.com,Retail & Consumer Goods,16200000000,9000,Arden Hills,Minnesota,https://careers.landolakesinc.com/us/en/,workday,http://landolakes.wd1.myworkdayjobs.com/LandOLakes/login,tier1_ats,high
267,Keurig Dr Pepper,keurigdrpepper.com,Retail & Consumer Goods,16200000000,29400,Burlington,Massachusetts,https://www.keurigdrpepper.com/join-keurig-dr-pepper-in-honoring-healthcare-heroes-during-national-hospital-week/,custom,,tier2_llm_http,medium
268,AECOM,aecom.com,Other,16100000000,51000,Dallas,Texas,https://aecom.com/careers/,custom,,tier2_llm_http,medium
269,Omnicom,omnicomgroup.com,Other,16100000000,74900,New York,New York,,custom,,tier2_llm_http,low
270,United Rentals,unitedrentals.com,Retail & Consumer Goods,16000000000,27900,Stamford,Connecticut,https://jobs.unitedrentals.com,workday,https://ur.wd1.myworkdayjobs.com/en-US/URcareers/introduceYourself,tier1_ats,high
271,IQVIA,iqvia.com,Healthcare & Pharma,15900000000,88000,Durham,North Carolina,https://jobs.iqvia.com/en,workday,https://iqvia.wd1.myworkdayjobs.com/IQVIA/login,tier1_ats,high
272,Ecolab,ecolab.com,Manufacturing & Industrial,15900000000,48000,St. Paul,Minnesota,https://ecolab.wd1.myworkdayjobs.com/en-US/Ecolab_External/login/ok,workday,https://ecolab.wd1.myworkdayjobs.com/en-US/Ecolab_External/login/ok,tier1_ats,high
273,Illinois Tool Works,itw.com,Manufacturing & Industrial,15900000000,44000,Glenview,Illinois,https://careers.itw.com/us/en,phenom,,tier1_ats,medium
274,Auto-Owners Insurance,auto-owners.com,Insurance,15800000000,7329,Lansing,Michigan,https://aoins.wd5.myworkdayjobs.com/AutoOwners,workday,https://aoins.wd5.myworkdayjobs.com/AutoOwners,tier1_ats,medium
275,Pacific Life,pacificlife.com,Insurance,15800000000,4334,Newport Beach,California,https://www.pacificlife.com/home/Careers.html,workday,https://pacificlife.wd1.myworkdayjobs.com/PacificLifeCareers,tier1_ats,high
276,Dominion Energy,dominionenergy.com,Energy & Utilities,15800000000,14700,Richmond,Virginia,https://www.dominionenergy.com/jobs,custom,,tier2_llm_http,medium
277,Principal Financial,principal.com,Insurance,15800000000,19700,Des Moines,Iowa,https://www.principal.com/about-us/careers,custom,,tier2_llm_http,medium
278,Kohl's,kohls.com,Retail & Consumer Goods,15800000000,60000,Menomonee Falls,Wisconsin,https://careers.kohls.com,workday,https://kohls.wd1.myworkdayjobs.com/kohlscareers/login,tier1_ats,high
279,PPG Industries,ppg.com,Manufacturing & Industrial,15700000000,46000,Pittsburgh,Pennsylvania,https://www.ppg.com/en-US/about-ppg/careers-at-ppg,custom,,tier2_llm_http,medium
280,Builders FirstSource,bldr.com,Manufacturing & Industrial,15700000000,29000,Irving,Texas,https://careers.bldr.com,icims,https://www.icims.com/legal/privacy-notice-website/,tier1_ats,low
281,Fluor,fluor.com,Other,15600000000,26866,Irving,Texas,https://www.fluor.com/careers,custom,,tier2_llm_http,medium
282,Whirlpool,whirlpoolcorp.com,Technology,15600000000,44000,Benton Harbor,Michigan,https://www.whirlpoolcareers.com/,eightfold,,tier1_ats,high
283,Farmers Insurance Exchange,farmers.com,Insurance,15500000000,9909,Woodland Hills,California,https://www.farmers.com/careers/,successfactors,,tier3_llm_browser,high
284,Tractor Supply,tractorsupply.com,Retail & Consumer Goods,15400000000,39000,Brentwood,Tennessee,https://www.tractorsupply.careers/,successfactors,https://performancemanager4.successfactors.com/verp/vmod_v1/ui/extlib/jquery_3.5.1/jquery.js,tier3_llm_browser,medium
285,Gap,gapinc.com,Retail & Consumer Goods,15300000000,82000,San Francisco,California,https://www.gapinc.com/en-us/,custom,,tier2_llm_http,medium
286,EchoStar,echostar.com,Telecom & Media,15200000000,13700,Englewood,Colorado,https://www.echostar.com/careers,icims,https://attract-careers1-dish.icims.com/jobs/login?_sp=9a0bd1b6-69d2-49e0-8935-e4681d3e7517.1710428470619&loginOnly=1,tier1_ats,high
287,Sonic Automotive,sonicautomotive.com,Retail & Consumer Goods,15200000000,10800,Charlotte,North Carolina,https://jobs.sonicautomotive.com,custom,,tier2_llm_http,medium
288,Stanley Black & Decker,stanleyblackanddecker.com,Manufacturing & Industrial,15200000000,48500,New Britain,Connecticut,https://www.stanleyblackanddecker.com/careers,workday,https://sbdinc.wd1.myworkdayjobs.com/Stanley_Black_Decker_Career_Site,tier1_ats,high
289,LPL Financial,lpl.com,Banking & Financial Services,15200000000,9000,San Diego,California,https://www.lpl.com/about-us/careers.html,phenom,https://career.lpl.com/,tier1_ats,medium
290,Kyndryl,kyndryl.com,Technology,15000000000,80000,New York,New York,https://www.kyndryl.com/us/en/careers,workday,https://kyndryl.wd5.myworkdayjobs.com/KyndrylEarlyCareers,tier1_ats,high
291,Kenvue,kenvue.com,Retail & Consumer Goods,15000000000,22000,Summit,New Jersey,https://www.kenvue.com/careers,workday,https://kenvue.wd5.myworkdayjobs.com/kenvue/login,tier1_ats,high
292,S&P Global,spglobal.com,Banking & Financial Services,15000000000,42350,New York,New York,https://careers.spglobal.com/jobs?,workday,https://spgi.wd5.myworkdayjobs.com/SPGI_Careers\,tier1_ats,low
293,Corning,corning.com,Technology,14900000000,56300,Corning,New York,https://www.corning.com/worldwide/en/careers.html,successfactors,,tier4_custom_build,high
294,Dick's Sporting Goods,dickssportinggoods.com,Retail & Consumer Goods,14900000000,37350,Coraopolis,Pennsylvania,,custom_js_only,,tier3_llm_browser,low
295,DTE Energy,dteenergy.com,Energy & Utilities,14800000000,9500,Detroit,Michigan,https://dteenergy.com/careers,successfactors,https://career4.successfactors.com/career?career_company=DTEENERGYCO&lang=en_US&company=DTEENERGYCO&site=&loginFlowRequired=true&_s.crb=WomrdVxLOsMgbT%2fsDuZnOIr3OzFd8eWV%2bs%2fXyBmB6Lo%3d,tier3_llm_browser,high
296,W.R. Berkley,berkley.com,Insurance,14700000000,8606,Greenwich,Connecticut,https://www.berkley.com/about-us/careers,icims,https://careers-berkley.icims.com/jobs/intro,tier1_ats,high
297,Diamondback Energy,diamondbackenergy.com,Energy & Utilities,14600000000,1983,Midland,Texas,https://www.diamondbackenergy.com/careers,workday,https://diamondbackenergy.wd12.myworkdayjobs.com/DBE,tier1_ats,high
298,Mutual of Omaha Insurance,mutualofomaha.com,Insurance,14600000000,6532,Omaha,Nebraska,https://www.mutualofomaha.com/careers/,pageup,https://secure.dc4.pageuppeople.com/apply/823/aw/applicationForm/default.asp,tier3_llm_browser,high
299,Nordstrom,nordstrom.com,Retail & Consumer Goods,14500000000,41000,Seattle,Washington,https://careers.nordstrom.com,workday,https://nordstrom.wd501.myworkdayjobs.com/nordstrom_careers,tier1_ats,high
300,Estée Lauder,elcompanies.com,Retail & Consumer Goods,14500000000,53010,New York,New York,https://www.elcompanies.com/en/careers,eightfold,,tier1_ats,high
301,Expedia,expediagroup.com,Technology,14400000000,16500,Seattle,Washington,https://careers.expediagroup.com,workday,https://expedia.wd108.myworkdayjobs.com/en-US/search/introduceYourself,tier1_ats,high
302,Otis Worldwide,otis.com,Manufacturing & Industrial,14300000000,72000,Farmington,Connecticut,https://www.otis.com/en/us/careers,workday,https://otis.wd5.myworkdayjobs.com/REC_Ext_Gateway,tier1_ats,high
303,FirstEnergy,firstenergycorp.com,Energy & Utilities,14300000000,12294,Akron,Ohio,https://www.firstenergycorp.com/careers.html,oracle_recruiting,https://fa-etjd-saasfaprod1.fa.ocs.oraclecloud.com/fscmUI/faces/FuseWelcome,tier1_ats,medium
304,Regeneron Pharmaceuticals,regeneron.com,Healthcare & Pharma,14300000000,15106,Tarrytown,New York,https://careers.regeneron.com/en/,beamery,https://flows.beamery.com/regeneron/talentcommunity,tier3_llm_browser,high
305,Textron,textron.com,Manufacturing & Industrial,14200000000,34000,Providence,Rhode Island,https://careers.textron.com,taleo,https://textron.taleo.net/careersection/textron/jobsearch.ftl?ftlcompclass=LoginComponent,tier1_ats,high
306,Xcel Energy,xcelenergy.com,Energy & Utilities,14200000000,11380,Minneapolis,Minnesota,https://jobs.xcelenergy.com/?&utm_source=CorpSite&utm_campaign=XECareers,paradox,https://cdn.sites.paradox.ai/common-libraries/font-awesome/css/all.css,tier3_llm_browser,high
307,BorgWarner,borgwarner.com,Manufacturing & Industrial,14200000000,38300,Auburn Hills,Michigan,https://www.borgwarner.com/careers,custom,,tier2_llm_http,medium
308,Alaska Air,alaskaair.com,Transportation & Logistics,14100000000,32074,Seattle,Washington,https://careers.alaskaair.com/jobs/?lid=vanity-careers,icims,https://employee-alaskaair.icims.com/jobs/login?loginOnly=1&redirect=&in_iframe=1&sso_connection=hs-11157-saml,tier1_ats,high
309,Viatris,viatris.com,Healthcare & Pharma,14100000000,32000,Canonsburg,Pennsylvania,https://www.viatris.com/en/careers,workday,https://viatris.wd5.myworkdayjobs.com/External,tier1_ats,high
310,CSX,csx.com,Transportation & Logistics,14100000000,23536,Jacksonville,Florida,https://www.csx.com/index.cfm/working-at-csx/,oracle_recruiting,https://fa-eowa-saasfaprod1.fa.ocs.oraclecloud.com/hcmUI/CandidateExperience/en/sites/CSXCareers,tier1_ats,high
311,LKQ,lkqcorp.com,Other,14100000000,47000,Antioch,Tennessee,https://lkqcorp.com/culture-and-careers/,workday,https://lkqcorp.wd5.myworkdayjobs.com/ExternalCareerSite-LKQ,tier1_ats,high
312,Fidelity National Financial,fnf.com,Insurance,14100000000,23533,Jacksonville,Florida,https://fnf.com/careers,icims,https://careers-fnf.icims.com/,tier1_ats,high
313,Raymond James Financial,raymondjames.com,Banking & Financial Services,14000000000,19000,St. Petersburg,Florida,https://www.raymondjames.com/careers,workday,https://raymondjames.wd1.myworkdayjobs.com/RaymondJamesCareers,tier1_ats,high
314,Reliance,reliance.com,Manufacturing & Industrial,13900000000,16050,Scottsdale,Arizona,https://careers.reliance.com,icims,https://www.icims.com/legal/privacy-notice-website/,tier1_ats,low
315,Labcorp,labcorp.com,Healthcare & Pharma,13800000000,65450,Burlington,North Carolina,https://careers.labcorp.com/global/en,phenom,,tier1_ats,medium
316,Western & Southern Financial,westernsouthern.com,Insurance,13800000000,2744,Cincinnati,Ohio,https://www.westernsouthern.com/careers,icims,https://careers-westernsouthern.icims.com/,tier1_ats,high
317,MasTec,mastec.com,Other,13800000000,32000,Coral Gables,Florida,https://www.mastec.com/careers,icims,https://careers-mastec.icims.com/,tier1_ats,high
318,Sempra,sempra.com,Energy & Utilities,13700000000,16773,San Diego,California,https://www.sempra.com/careers,adp,https://recruiting.adp.com/srccar/public/RTI.home?c=2168707&amp;d=SempraEnergy,tier1_ats,high
319,State Street,statestreet.com,Banking & Financial Services,13600000000,52626,Boston,Massachusetts,https://careers.statestreet.com/global/en,workday,https://statestreet.wd1.myworkdayjobs.com/en-US/Global/introduceYourself,tier1_ats,high
320,United States Steel,ussteel.com,Manufacturing & Industrial,13500000000,22053,Pittsburgh,Pennsylvania,https://www.ussteel.com,brassring,,tier1_ats,high
321,DaVita,davita.com,Healthcare & Pharma,13300000000,76000,Denver,Colorado,https://careers.davita.com/,phenom,https://careers.davita.com/,tier1_ats,medium
322,BrightSpring Health Services,brightspringhealth.com,Healthcare & Pharma,13300000000,37000,Louisville,Kentucky,https://www.brightspringhealth.com/careers/,icims,https://careers-brightspring.icims.com/,tier1_ats,high
323,Erie Insurance,erieinsurance.com,Insurance,13200000000,6747,Erie,Pennsylvania,https://www.erieinsurance.com/careers,custom,,tier2_llm_http,medium
324,Eversource Energy,eversource.com,Energy & Utilities,13200000000,10680,Springfield,Massachusetts,https://jobs.eversource.com,talentbrew,https://tbcdn.talentbrew.com/company/7774/FULL_v1_0/js/slick.css,tier1_ats,high
325,Unum,unum.com,Insurance,13100000000,10948,Chattanooga,Tennessee,https://careers.unum.com/global/en,workday,https://unum.wd1.myworkdayjobs.com/en-US/External,tier1_ats,high
326,Henry Schein,henryschein.com,Healthcare & Pharma,12900000000,25000,Melville,New York,https://www.henryschein.com/us-en/Corporate/Career/Default.aspx,workday,https://henryschein.wd1.myworkdayjobs.com/External_Careers?locationCountry=bc33aa3152ec42d4995f4791a106ed09,tier1_ats,medium
327,GXO Logistics,gxo.com,Transportation & Logistics,12900000000,128500,Greenwich,Connecticut,https://gxo.com/careers/,successfactors,,tier3_llm_browser,high
328,Alcoa,alcoa.com,Manufacturing & Industrial,12900000000,13900,Pittsburgh,Pennsylvania,https://www.alcoa.com/careers/en,workday,https://alcoa.wd5.myworkdayjobs.com/Careers,tier1_ats,high
329,DuPont,dupont.com,Manufacturing & Industrial,12800000000,24000,Wilmington,Delaware,https://careers.dupont.com/us/en,phenom,,tier1_ats,medium
330,Blackstone,blackstone.com,Banking & Financial Services,12800000000,4895,New York,New York,https://www.blackstone.com/careers/careers-blackstone/,workday,https://blackstone.wd1.myworkdayjobs.com/en-US/Blackstone_Careers,tier1_ats,high
331,Entergy,entergy.com,Energy & Utilities,12700000000,12267,New Orleans,Louisiana,https://jobs.entergy.com,successfactors,https://rmkcdn.successfactors.com/7c860e51/a3625b00-17c1-42c7-ad6e-4.css,tier3_llm_browser,high
332,DXC Technology,dxc.technology,Technology,12700000000,130000,Ashburn,Virginia,https://dxc.com,workday,https://dxctechnology.wd1.myworkdayjobs.com/DXCJobs/login,tier1_ats,high
333,Lumen Technologies,lumen.com,Telecom & Media,12700000000,25000,Monroe,Louisiana,https://jobs.lumen.com/global/en/,custom,,tier2_llm_http,medium
334,Ball,ball.com,Other,12700000000,16000,Westminster,Colorado,https://www.ball.com/careers,custom,,tier2_llm_http,medium
335,Ryder System,ryder.com,Transportation & Logistics,12700000000,50700,Coral Gables,Florida,https://www.ryder.com/en-us/careers,icims,https://warehouse-ryder.icims.com/,tier1_ats,high
336,Kellanova,kellanova.com,Retail & Consumer Goods,12700000000,24000,Chicago,Illinois,https://www.kellanovacareers.com,successfactors,,tier3_llm_browser,high
337,ServiceNow,servicenow.com,Technology,12700000000,26293,Santa Clara,California,https://careers.servicenow.com/,custom,,tier2_llm_http,medium
338,Community Health Systems,chs.net,Healthcare & Pharma,12600000000,52500,Franklin,Tennessee,https://www.chs.net/careers/,custom,,tier2_llm_http,medium
339,DoorDash,doordash.com,Technology,12600000000,23700,San Francisco,California,https://careersatdoordash.com/,greenhouse,,tier1_ats,high
340,Chewy,chewy.com,Technology,12600000000,18000,Plantation,Florida,https://careers.chewy.com/us/en/home,phenom,,tier1_ats,medium
341,Assurant,assurant.com,Insurance,12600000000,14200,Atlanta,Georgia,https://jobs.assurant.com/en/,workday,https://assurant.wd1.myworkdayjobs.com/Assurant_Careers,tier1_ats,high
342,KLA,kla.com,Technology,12500000000,15115,Milpitas,California,https://www.kla.com/careers,workday,https://kla.wd1.myworkdayjobs.com/Search,tier1_ats,high
343,Darden Restaurants,darden.com,Other,12400000000,191105,Orlando,Florida,,custom,,tier2_llm_http,low
344,Las Vegas Sands,sands.com,Other,12300000000,40100,Las Vegas,Nevada,https://www.sands.com/company/careers/,custom,,tier2_llm_http,low
345,Wayfair,wayfair.com,Technology,12200000000,12100,Boston,Massachusetts,https://www.aboutwayfair.com/careers,paradox,https://olivia.paradox.ai,tier3_llm_browser,low
346,Norfolk Southern,norfolksouthern.com,Transportation & Logistics,12200000000,19600,Atlanta,Georgia,,custom,,tier2_llm_http,low
347,Equitable,equitableholdings.com,Insurance,12200000000,10300,New York,New York,,custom,,tier2_llm_http,low
348,Crown,crowncork.com,Other,12100000000,23000,Tampa,Florida,https://www.crowncork.com/careers,workday,https://crownholdings.wd501.myworkdayjobs.com/CrownHoldings/,tier1_ats,high
349,Hormel Foods,hormelfoods.com,Retail & Consumer Goods,12100000000,20000,Austin,Minnesota,https://www.hormelfoods.com/careers/,oracle_recruiting,https://ekkh.fa.us2.oraclecloud.com/hcmUI/CandidateExperience/en/sites/CX_2002,tier1_ats,medium
350,AES,aes.com,Energy & Utilities,12100000000,9100,Arlington,Virginia,https://www.aes.com/about-us/careers,workday,,tier1_ats,low
351,Arthur J. Gallagher,ajg.com,Banking & Financial Services,12100000000,55977,Rolling Meadows,Illinois,https://www.ajg.com/careers,paradox,https://www.paradox.ai/,tier3_llm_browser,high
352,Cincinnati Financial,cinfin.com,Insurance,12100000000,5624,Fairfield,Ohio,https://www.cinfin.com/cincinnati-insurance-careers,taleo,https://cinfin.taleo.net/careersection/ex/jobsearch.ftl?lang=en,tier4_custom_build,high
353,J.B. Hunt Transport Services,jbhunt.com,Transportation & Logistics,12100000000,33646,Lowell,Arkansas,https://careers.jbhunt.com,workday,https://jbhunt.wd501.myworkdayjobs.com/Careers/login,tier1_ats,high
354,Air Products & Chemicals,airproducts.com,Manufacturing & Industrial,12000000000,22425,Allentown,Pennsylvania,https://www.airproducts.com/careers,workday,https://airproducts.wd5.myworkdayjobs.com/en-US/AP0001,tier1_ats,high
355,Jacobs Solutions,jacobs.com,Other,12000000000,44050,Dallas,Texas,https://www.jacobs.com/solutions/services/operations-facilities-management/careers,avature,https://jacobs.avature.net/careersInt/SearchJobs/%23OMFS?listFilterMode=1&amp;jobRecordsPerPage=6&amp;,tier4_custom_build,high
356,Huntington Ingalls Industries,hii.com,Manufacturing & Industrial,12000000000,44000,Newport News,Virginia,https://www.hii.com/careers,custom,,tier2_llm_http,medium
357,Hess,hess.com,Energy & Utilities,12000000000,1797,New York,New York,https://www.chevron.com/who-we-are/contact/jobs,custom,,tier2_llm_http,medium
358,Ulta Beauty,ulta.com,Retail & Consumer Goods,12000000000,39000,Bolingbrook,Illinois,https://careers.ulta.com/careers/,icims,https://fdcnmcareers-ulta.icims.com/jobs/login?loginOnly=1,tier1_ats,high
359,Airbnb,airbnb.com,Technology,11900000000,7300,San Francisco,California,https://careers.airbnb.com,custom,,tier2_llm_http,medium
360,Mosaic,mosaicco.com,Manufacturing & Industrial,11900000000,13765,Tampa,Florida,https://mosaicco.com/careers,workday,https://mosaicco.com/https://mosaic.wd5.myworkdayjobs.com/mosaic,tier1_ats,high
361,Chipotle Mexican Grill,chipotle.com,Other,11800000000,130504,Newport Beach,California,https://jobs.chipotle.com,talentbrew,https://tbcdn.talentbrew.com/company/282/css/59309-NewFull.css,tier1_ats,high
362,Vertex Pharmaceuticals,vrtx.com,Healthcare & Pharma,11700000000,6100,Boston,Massachusetts,https://www.vrtx.com/careers/,workday,https://vrtx.wd501.myworkdayjobs.com/vertex_careers,tier1_ats,high
363,Public Service Enterprise,pseg.com,Energy & Utilities,11700000000,13047,Newark,New Jersey,https://jobs.pseg.com,successfactors,https://rmkcdn.successfactors.com/e1f29830/7bab60a8-bb7c-4587-adc9-a.css,tier3_llm_browser,medium
364,Booz Allen Hamilton,boozallen.com,Technology,11700000000,34200,McLean,Virginia,https://www.boozallen.com/careers.html,workday,https://bah.wd1.myworkdayjobs.com/BAH_Jobs,tier1_ats,high
365,Avis Budget,avisbudgetgroup.com,Retail & Consumer Goods,11700000000,20500,Parsippany,New Jersey,https://www.avisbudgetgroup.jobs,paradox,https://cdn.sites.paradox.ai/common-libraries/magnific-popup/magnific-popup.css,tier3_llm_browser,medium
366,Owens Corning,owenscorning.com,Manufacturing & Industrial,11700000000,25000,Toledo,Ohio,https://careers.owenscorning.com/,successfactors,https://performancemanager8.successfactors.com/verp/vmod_v1/ui/extlib/jquery_3.5.1/jquery.js,tier3_llm_browser,medium
367,Graybar Electric,graybar.com,Other,11600000000,10000,St. Louis,Missouri,https://www.graybar.com/careers,workday,https://graybar.wd1.myworkdayjobs.com/Careers,tier1_ats,high
368,Andersons,andersonsinc.com,Retail & Consumer Goods,11600000000,2262,Maumee,Ohio,https://www.andersonsinc.com/careers/,workday,https://andersonsinc.wd1.myworkdayjobs.com/TheAndersonsCareers,tier1_ats,high
369,Williams,williams.com,Other,11600000000,5829,Tulsa,Oklahoma,https://www.williams.com/careers/,workday,https://williams.wd5.myworkdayjobs.com/External,tier1_ats,high
370,Berry Global,berryglobal.com,Other,11500000000,42000,Evansville,Indiana,https://www.amcor.com/careers,custom,,tier2_llm_http,medium
371,Yum China,yumchina.com,Other,11500000000,245500,Plano,Texas,,custom_js_only,,tier3_llm_browser,low
372,Hershey,thehersheycompany.com,Retail & Consumer Goods,11500000000,19285,Hershey,Pennsylvania,https://careers.thehersheycompany.com/,successfactors,https://performancemanager4.successfactors.com/verp/vmod_v1/ui/extlib/jquery_3.5.1/jquery.js,tier3_llm_browser,medium
373,Westlake,westlake.com,Manufacturing & Industrial,11500000000,15540,Houston,Texas,https://www.westlaketalent.com:443/,paradox,https://cdn.sites.paradox.ai/common-libraries/magnific-popup/magnific-popup.css,tier3_llm_browser,high
374,Conagra Brands,conagrabrands.com,Retail & Consumer Goods,11500000000,18500,Chicago,Illinois,https://careers.conagrabrands.com/us/en,phenom,,tier1_ats,medium
375,Caesars Entertainment,caesars.com,Other,11400000000,50000,Reno,Nevada,,custom,,tier2_llm_http,low
376,Motorola Solutions,motorolasolutions.com,Other,11300000000,21000,Chicago,Illinois,https://www.motorolasolutions.com/en_us/about/careers.html,workday,https://motorolasolutions.wd5.myworkdayjobs.com/Careers,tier1_ats,high
377,Oscar Health,hioscar.com,Healthcare & Pharma,11300000000,2400,New York,New York,https://www.hioscar.com/careers,custom,,tier2_llm_http,medium
378,Molson Coors Beverage,molsoncoors.com,Retail & Consumer Goods,11200000000,16800,Chicago,Illinois,https://www.molsoncoors.com/careers,custom,,tier2_llm_http,medium
379,Burlington Stores,burlingtoninvestors.com,Retail & Consumer Goods,11200000000,47295,Burlington,New Jersey,,custom,,tier2_llm_http,low
380,Expeditors International of Washington,expeditors.com,Transportation & Logistics,11200000000,18917,Bellevue,Washington,https://www.expeditors.com/careers,custom,,tier2_llm_http,medium
381,International Flavors & Fragrances,iff.com,Manufacturing & Industrial,11100000000,22400,New York,New York,https://www.iff.com/careers/,workday,https://iff.wd5.myworkdayjobs.com/IFF_Careers,tier1_ats,high
382,Baxter International,baxter.com,Healthcare & Pharma,11000000000,38000,Deerfield,Illinois,https://www.baxter.com/careers,custom,,tier2_llm_http,medium
383,Analog Devices,analog.com,Technology,11000000000,24000,Wilmington,Massachusetts,https://www.analog.com/en/careers.html,workday,https://analogdevices.wd1.myworkdayjobs.com/External,tier1_ats,high
384,Hilton,hilton.com,Other,11000000000,181000,McLean,Virginia,https://jobs.hilton.com/emea/en,phenom,https://jobs.hilton.com/emea/en,tier1_ats,high
385,Toll Brothers,tollbrothers.com,Other,11000000000,4900,Fort Washington,Pennsylvania,https://www.tollcareercenter.com/,icims,https://jobs-tollbrothers.icims.com/connect/login,tier1_ats,high
386,Thrivent Financial for Lutherans,thrivent.com,Insurance,10900000000,3983,Minneapolis,Minnesota,https://careers.thrivent.com/,workday,https://thrivent.wd5.myworkdayjobs.com/en-US/external/userHome,tier1_ats,high
387,Quest Diagnostics,questdiagnostics.com,Healthcare & Pharma,10900000000,50500,Secaucus,New Jersey,https://indiacareers.questdiagnostics.com,talentbrew,https://tbcdn.talentbrew.com/company/38852/gst-v1_0/slick/slick.min.css,tier1_ats,high
388,Interpublic,interpublic.com,Other,10800000000,53300,New York,New York,https://www.omc.com/,custom,,tier2_llm_http,medium
389,Westinghouse Air Brake Technologies,wabteccorp.com,Manufacturing & Industrial,10800000000,29500,Pittsburgh,Pennsylvania,https://careers.wabtec.com,smartrecruiters,https://jobs.smartrecruiters.com/my-applications/Wabtec?dcr_ci=Wabtec,tier1_ats,high
390,Owens & Minor,owens-minor.com,Healthcare & Pharma,10800000000,23200,Glen Allen,Virginia,https://www.owens-minor.com/about/careers/,workday,https://owensminor.wd1.myworkdayjobs.com/OMCareers,tier1_ats,high
391,Mohawk Industries,mohawkind.com,Other,10700000000,41900,Calhoun,Georgia,https://mohawkind.com/,custom,,tier2_llm_http,medium
392,Ebay,ebay.com,Technology,10700000000,11500,San Jose,California,https://jobs.ebayinc.com/us/en,phenom,,tier1_ats,medium
393,Delek US,delekus.com,Energy & Utilities,10700000000,1987,Brentwood,Tennessee,https://jobs.delekus.com/,successfactors,https://performancemanager4.successfactors.com/verp/vmod_v1/ui/extlib/jquery_3.5.1/jquery.js,tier3_llm_browser,medium
394,NVR,nvrinc.com,Other,10600000000,7000,Reston,Virginia,https://www.nvrcareers.com/,taleo,https://phg.tbe.taleo.net/phg01/ats/careers/v2/jobSearch?act=redirectCwsV2&cws=52&org=NVRINC&utm_source=nvr+careers+site&utm_medium=Job+Search+-+General&utm_campaign=ga4,tier4_custom_build,high
395,Cintas,cintas.com,Other,10600000000,46500,Cincinnati,Ohio,https://www.cintas.com/careers/,custom,,tier2_llm_http,medium
396,Ally Financial,ally.com,Banking & Financial Services,10500000000,10700,Detroit,Michigan,https://www.ally.com/about/careers/,avature,https://ally.avature.net/careers/SearchJobs/?667=%5B20867%2C20887%2C20871%5D&amp;667_format=613&amp;listFilterMode=1&amp;jobRecordsPerPage=6&amp;,tier1_ats,high
397,Lululemon athletica,lululemon.com,Retail & Consumer Goods,10500000000,39000,Sumner,Washington,https://shop.lululemon.com,custom,,tier2_llm_http,low
398,A-Mark Precious Metals,amark.com,Other,10500000000,486,El Segundo,California,,custom,,tier2_llm_http,low
399,Fidelity National Information,fisglobal.com,Banking & Financial Services,10500000000,50000,Jacksonville,Florida,https://www.fisglobal.com/careers,workday,https://fis.wd5.myworkdayjobs.com/en-US/SearchJobs/introduceYourself,tier1_ats,high
400,American Tower,americantower.com,Other,10500000000,4691,Boston,Massachusetts,https://careers.americantower.com,oracle_recruiting,https://hdsn.fa.us6.oraclecloud.com,tier1_ats,low
401,FM,fm.com,Insurance,10400000000,5845,Johnston,Rhode Island,https://careers.fm.com/careers-home/,icims,https://cookie-policy-scripts.icims.com/fm/careers.fm.com/script.js,tier1_ats,medium
402,Autoliv,autoliv.com,Manufacturing & Industrial,10400000000,62266,Auburn Hills,Michigan,https://www.autoliv.com/careers,custom,,tier2_llm_http,medium
403,Oshkosh,oshkoshcorp.com,Manufacturing & Industrial,10300000000,18500,Oshkosh,Wisconsin,https://www.oshkoshcorp.com/careers,custom,,tier2_llm_http,medium
404,Campbell's,thecampbellscompany.com,Retail & Consumer Goods,10200000000,14400,Camden,New Jersey,https://careers.thecampbellscompany.com/,paradox,https://cdn.sites.paradox.ai/paradox-prod-careersites/85aa2ebdda/main.css,tier3_llm_browser,high
405,Western Digital,westerndigital.com,Technology,10100000000,51000,San Jose,California,https://www.westerndigital.com/careers,smartrecruiters,https://careers.smartrecruiters.com/WesternDigital,tier1_ats,high
406,Global Payments,globalpaymentsinc.com,Banking & Financial Services,10100000000,27000,Atlanta,Georgia,,workday,,tier1_ats,high
407,Biogen,biogen.com,Healthcare & Pharma,10100000000,7605,Cambridge,Massachusetts,https://www.biogen.com:443/careers.html,workday,https://biibhr.wd3.myworkdayjobs.com/external,tier1_ats,high
408,AGCO,agcocorp.com,Manufacturing & Industrial,10100000000,24000,Duluth,Georgia,https://www.agcocorp.com/us/en/home,custom,,tier2_llm_http,medium
409,Dana,dana.com,Manufacturing & Industrial,10000000000,39600,Maumee,Ohio,https://jobs.dana.com:443/,successfactors,https://performancemanager4.successfactors.com/verp/vmod_v1/ui/extlib/jquery_3.5.1/jquery.js,tier3_llm_browser,medium
410,Welltower,welltower.com,Other,9900000000,685,Toledo,Ohio,https://welltower.com/careers/,ukg,https://recruiting.ultipro.com/WEL1008WLLT/JobBoard/30969ce4-3b7e-40a6-b86c-34d3616fe0ed/?q=&amp;o=postedDateDesc&amp;w=&amp;wc=&amp;we=&amp;wpst=,tier3_llm_browser,high
411,THOR Industries,thorindustries.com,Manufacturing & Industrial,9800000000,22300,Elkhart,Indiana,https://www.thorindustries.com/careers,adp,https://workforcenow.adp.com/mascsr/default/mdf/recruitment/recruitment.html?cid=a4c08bd3-eedf-419a-9fb6-5d2ac8a3bafa&ccId=19000101_000001&lang=en_US/?utm_source=thorindustries.com&utm_medium=referral,tier1_ats,high
412,Seaboard,seaboardcorp.com,Retail & Consumer Goods,9800000000,14000,Merriam,Kansas,https://www.seaboardcorp.com/career/,custom,,tier2_llm_http,medium
413,Intercontinental Exchange,ice.com,Banking & Financial Services,9800000000,12920,Atlanta,Georgia,https://www.ice.com/careers,custom,,tier2_llm_http,medium
414,Concentrix,concentrix.com,Technology,9700000000,450000,Newark,California,https://www.concentrix.com,custom,,tier2_llm_http,medium
415,Celanese,celanese.com,Manufacturing & Industrial,9700000000,12163,Irving,Texas,https://www.celanese.com/careers,icims,,tier1_ats,low
416,Vertiv,vertiv.com,Technology,9700000000,31000,Westerville,Ohio,https://www.vertiv.com/de-emea/about/careers/,oracle_recruiting,https://ee.channels.ocs.oraclecloud.com/js/eesvcs.js,tier1_ats,medium
417,Synchrony Financial,synchrony.com,Banking & Financial Services,9700000000,20000,Stamford,Connecticut,https://www.synchronycareers.com/?intlnk=synfin&intcmp=home_header-topnav_synchronycareers_ext,talentbrew,https://tbcdn.talentbrew.com/company/1554/under-10k-patterns/css/fancybox/fancybox.min.css,tier1_ats,high
418,Constellation Brands,cbrands.com,Retail & Consumer Goods,9600000000,9300,Victor,New York,https://cbrands.wd5.myworkdayjobs.com/CBI_External_Careers,workday,https://cbrands.wd5.myworkdayjobs.com/CBI_External_Careers,tier1_ats,high
419,Intuitive Surgical,intuitive.com,Healthcare & Pharma,9600000000,15638,Sunnyvale,California,https://careers.intuitive.com/en/,smartrecruiters,https://join.smartrecruiters.com/Intuitive/1b896ce5-223f-4e59-b655-693666a6dbf7-primary-talent-community-form,tier1_ats,high
420,Palo Alto Networks,paloaltonetworks.com,Other,9600000000,15289,Santa Clara,California,https://jobs.paloaltonetworks.com/en,talentbrew,https://tbcdn.talentbrew.com/company/47263/css/62886-GST.css,tier1_ats,high
421,WEC Energy,wecenergygroup.com,Energy & Utilities,9600000000,7017,Milwaukee,Wisconsin,https://wecenergygroup.com/careers/,custom,,tier2_llm_http,medium
422,VF,vfc.com,Retail & Consumer Goods,9500000000,24000,Denver,Colorado,https://www.vfc.com/careers,workday,https://vfc.wd5.myworkdayjobs.com/vfc_careers,tier1_ats,high
423,SpartanNash,spartannash.com,Other,9500000000,15000,Byron Center,Michigan,https://careers.spartannash.com,workday,https://spartannash.wd1.myworkdayjobs.com/SpartanNash_Careers/login,tier1_ats,high
424,QVC,qvcgrp.com,Technology,9500000000,18984,Englewood,Colorado,https://careers.qvcgrp.com/,workday,https://qvc.wd5.myworkdayjobs.com/QRG?source=Careers-Global-QVCGroup,tier1_ats,high
425,Ace Hardware,acehardware.com,Other,9500000000,12500,Oak Brook,Illinois,https://careers.acehardware.com/,paradox,https://olivia.paradox.ai,tier3_llm_browser,low
426,Zoetis,zoetis.com,Healthcare & Pharma,9400000000,13800,Parsippany,New Jersey,https://www.zoetis.com/join-us/colleagues,workday,https://zoetis.wd5.myworkdayjobs.com/zoetis/jobs,tier1_ats,high
427,APA,apacorp.com,Energy & Utilities,9400000000,2305,Houston,Texas,https://apacorp.com/careers/,successfactors,,tier3_llm_browser,high
428,Skechers U.S.A.,skechers.com,Retail & Consumer Goods,9300000000,15100,Manhattan Beach,California,https://careers.skechers.com/us/en?campaign=digital-receipt&#038;campaign=skechers-careers&%23038;content=email-receipt&%23038;medium=qr&%23038;source=retail,phenom,,tier1_ats,medium
429,Icahn Enterprises,ielp.com,Banking & Financial Services,9300000000,15037,Sunny Isles Beach,Florida,,custom,,tier2_llm_http,low
430,Workday,workday.com,Technology,9200000000,20482,Pleasanton,California,https://www.workday.com/en-us/company/careers/overview.html,workday,https://workday.wd5.myworkdayjobs.com/Workday,tier1_ats,high
431,CenterPoint Energy,centerpointenergy.com,Energy & Utilities,9100000000,8872,Houston,Texas,https://careers.centerpointenergy.com/,successfactors,https://performancemanager4.successfactors.com/verp/vmod_v1/ui/extlib/jquery_3.5.1/jquery.js,tier3_llm_browser,medium
432,JetBlue Airways,jetblue.com,Transportation & Logistics,9100000000,19822,Long Island City,New York,https://careers.jetblue.com/,successfactors,https://performancemanager8.successfactors.com/verp/vmod_v1/ui/extlib/jquery_3.5.1/jquery.js,tier3_llm_browser,medium
433,Prologis,prologis.com,Other,9100000000,2703,San Francisco,California,https://prologis.wd5.myworkdayjobs.com/Prologis_External_Careers,workday,https://prologis.wd5.myworkdayjobs.com/Prologis_External_Careers,tier1_ats,medium
434,M&T Bank,mtb.com,Banking & Financial Services,9100000000,22101,Buffalo,New York,https://www.mtb.com/careers,workday,https://mtb.wd5.myworkdayjobs.com/MTB,tier1_ats,high
435,Equinix,equinix.com,Other,9100000000,13606,Redwood City,California,https://careers.equinix.com/homepage?utm_source=dotcom,pageup,,tier3_llm_browser,high
436,Eastman Chemical,eastman.com,Manufacturing & Industrial,9000000000,14000,Kingsport,Tennessee,https://www.eastman.com/en/careers,custom,,tier2_llm_http,medium
437,Altice USA,alticeusa.com,Telecom & Media,9000000000,10900,Long Island City,New York,,custom,,tier2_llm_http,low
438,PPL,pplweb.com,Energy & Utilities,9000000000,6653,Allentown,Pennsylvania,https://www.pplweb.com/careers/why-ppl/,icims,https://careers-pplweb.icims.com/jobs/intro?hashed=-625946359&amp;mobile=false&amp;width=1128&amp;height=500&amp;bga=true&amp;needsRedirect=false&amp;jan1offset=-300&amp;jun1offset=-240,tier1_ats,high
439,First Citizens BancShares,firstcitizens.com,Banking & Financial Services,8900000000,17333,Raleigh,North Carolina,https://www.firstcitizens.com/personal/insights/career,custom,,tier2_llm_http,medium
440,Xylem,xylem.com,Manufacturing & Industrial,8900000000,23000,Washington,District Of Columbia,https://www.xylem.com/en-us/careers/,workday,https://xylem.wd5.myworkdayjobs.com/xylem-careers,tier1_ats,high
441,CACI International,caci.com,Technology,8900000000,24000,Reston,Virginia,https://careers.caci.com/,eightfold,https://app.eightfold.ai/events/open?domain=caci.com,tier1_ats,high
442,TransDigm,transdigm.com,Manufacturing & Industrial,8800000000,16600,Cleveland,Ohio,https://www.transdigm.com/community-impact/talent-development/,custom,,tier2_llm_http,medium
443,PVH,pvh.com,Retail & Consumer Goods,8800000000,22000,New York,New York,https://careers.pvh.com/?utm_source=pvh&amp%3Butm_medium=navigation_header&amp%3Butm_campaign=careers,workday,https://www.myworkday.com/pvh/d/task/2998$46522.htmldh,tier1_ats,high
444,Ovintiv,ovintiv.com,Energy & Utilities,8800000000,1623,Denver,Colorado,https://ovintiv.wd3.myworkdayjobs.com/ovintivcareers,workday,https://ovintiv.wd3.myworkdayjobs.com/ovintivcareers,tier1_ats,medium
445,NOV,nov.com,Energy & Utilities,8800000000,34010,Houston,Texas,https://www.nov.com/careers,oracle_recruiting,https://egay.fa.us6.oraclecloud.com/hcmUI/CandidateExperience/en/sites/CX_2001/requisitions,tier1_ats,high
446,Avery Dennison,averydennison.com,Other,8800000000,35000,Mentor,Ohio,https://www.averydennison.com/en/home/careers/overview.html,custom,,tier2_llm_http,medium
447,Franklin Resources,franklinresources.com,Banking & Financial Services,8800000000,10200,San Mateo,California,,custom,,tier2_llm_http,low
448,Packaging Corp. of America,packagingcorp.com,Other,8800000000,15400,Lake Forest,Illinois,https://www.packagingcorp.com,custom,,tier2_llm_http,medium
449,J.M. Smucker,jmsmucker.com,Retail & Consumer Goods,8800000000,9000,Orrville,Ohio,https://www.jmsmucker.com/careers,workday,https://smucker.wd5.myworkdayjobs.com/US_External_Careers,tier1_ats,high
450,Old Republic International,oldrepublic.com,Insurance,8800000000,9400,Chicago,Illinois,https://oldrepublic.com/about/careers,custom,,tier2_llm_http,medium
451,Sprouts Farmers Market,sprouts.com,Other,8700000000,35000,Phoenix,Arizona,https://www.sprouts.com/careers/,icims,https://internaljobs-sprouts.icims.com/jobs/l,tier1_ats,high
452,ABM Industries,abm.com,Other,8600000000,117000,New York,New York,https://www.abm.com/careers,oracle_recruiting,https://eiqg.fa.us2.oraclecloud.com/fscmUI/redwood/internalmobility/,tier1_ats,high
453,Advance Auto Parts,advanceautoparts.com,Retail & Consumer Goods,8600000000,48000,Raleigh,North Carolina,https://jobs.advanceautoparts.com/us/en,phenom,,tier1_ats,medium
454,Graphic Packaging,graphicpkg.com,Other,8600000000,23000,Atlanta,Georgia,https://www.graphicpkg.com/careers/,custom,,tier2_llm_http,medium
455,Sirius XM,siriusxm.com,Telecom & Media,8600000000,5515,New York,New York,https://careers.siriusxm.com/careers/,icims,https://uscareers-siriusxmradio.icims.com/,tier1_ats,high
456,Hertz,hertz.com,Retail & Consumer Goods,8500000000,26000,Estero,Florida,,custom,,tier2_llm_http,low
457,Jefferies Financial,jefferies.com,Banking & Financial Services,8500000000,7822,New York,New York,https://www.jefferies.com/careers/,oracle_recruiting,,tier1_ats,high
458,News Corp.,newscorp.com,Telecom & Media,8500000000,23900,New York,New York,https://careers.newscorp.com,custom,,tier2_llm_http,medium
459,Solventum,solventum.com,Healthcare & Pharma,8400000000,22000,Maplewood,Minnesota,https://www.solventum.com/da-dk/home/our-company/careers/,workday,https://healthcare.wd1.myworkdayjobs.com/Search,tier1_ats,high
460,Taylor Morrison Home,taylormorrison.com,Other,8400000000,3000,Scottsdale,Arizona,https://careers.taylormorrison.com/,paradox,https://cdn.sites.paradox.ai/common-libraries/font-awesome/css/all.css,tier3_llm_browser,high
461,Rockwell Automation,rockwellautomation.com,Technology,8300000000,27000,Milwaukee,Wisconsin,https://www.rockwellautomation.com/en-us/careers.html,workday,https://rockwellautomation.wd1.myworkdayjobs.com/en-US/External_Rockwell_Automation/introduceYourself,tier1_ats,high
462,CMS Energy,cmsenergy.com,Energy & Utilities,8300000000,8324,Jackson,Michigan,https://www.cmsenergy.com/careers/,custom,,tier2_llm_http,medium
463,Insight Enterprises,insight.com,Technology,8300000000,14324,Chandler,Arizona,https://www.insight.com/careers,custom_js_only,,tier3_llm_browser,low
464,Securian Financial,securian.com,Insurance,8199999999,5570,St. Paul,Minnesota,https://www.securian.com/about-us/careers?cid=rd_vurl_erjo_securian-careers_careers_&strala_id=1002299,workday,https://hq.wd12.myworkdayjobs.com/Securian_External,tier1_ats,high
465,Post,postholdings.com,Retail & Consumer Goods,8199999999,11480,St. Louis,Missouri,https://www.postholdings.com/news/post-holdings-news/careers/,icims,,tier1_ats,high
466,Fifth Third Bancorp,53.com,Banking & Financial Services,8100000000,18616,Cincinnati,Ohio,https://www.53.com/content/fifth-third/en/careers.html,workday,https://fifththird.wd5.myworkdayjobs.com/53careers,tier1_ats,high
467,Sanmina,sanmina.com,Technology,8100000000,34500,San Jose,California,https://www.sanmina.com/careers/,custom,,tier2_llm_http,medium
468,Voya Financial,voya.com,Banking & Financial Services,8100000000,10000,New York,New York,https://www.voya.com/about-us/find-career-voya,workday,https://godirect.wd5.myworkdayjobs.com/voya_jobs,tier1_ats,high
469,XPO,xpo.com,Transportation & Logistics,8100000000,39500,Greenwich,Connecticut,https://www.xpo.com/work-with-us/ntdc-2025/,custom,,tier2_llm_http,medium
470,Yum Brands,yum.com,Other,8100000000,31691,Louisville,Kentucky,https://www.yum.com/wps/portal/yumbrands/Yumbrands/careers,oracle_recruiting,,tier1_ats,high
471,KBR,kbr.com,Technology,8000000000,38000,Houston,Texas,https://careers.kbr.com/us/en,phenom,,tier1_ats,medium
472,American Financial,afginc.com,Insurance,8000000000,8700,Cincinnati,Ohio,https://www.afginc.com/,workday,,tier1_ats,high
473,Zimmer Biomet,zimmerbiomet.com,Healthcare & Pharma,8000000000,17000,Warsaw,Indiana,https://careers.zimmerbiomet.com/us/en,phenom,,tier1_ats,low
474,Fastenal,fastenal.com,Other,8000000000,20958,Winona,Minnesota,https://careers.fastenal.com?,custom,,tier2_llm_http,low
475,Foot Locker,footlocker.com,Retail & Consumer Goods,8000000000,30223,New York,New York,https://careers.footlocker.com,icims,https://www.icims.com/legal/privacy-notice-website/,tier1_ats,low
476,Monster Beverage,monsterbevcorp.com,Retail & Consumer Goods,8000000000,6043,Corona,California,,custom,,tier2_llm_http,low
477,Howmet Aerospace,howmet.com,Manufacturing & Industrial,8000000000,23930,Pittsburgh,Pennsylvania,https://www.howmet.com/joinus/,oracle_recruiting,https://fa-exty-saasfaprod1.fa.ocs.oraclecloud.com/hcmUI/CandidateExperience/en/sites/CX_1,tier1_ats,high
478,Northern Trust,northerntrust.com,Banking & Financial Services,7900000000,23300,Chicago,Illinois,https://ntrs.wd1.myworkdayjobs.com/northerntrust,workday,https://ntrs.wd1.myworkdayjobs.com/northerntrust,tier1_ats,high
479,Dover,dovercorporation.com,Manufacturing & Industrial,7900000000,24000,Downers Grove,Illinois,https://www.dovercorporation.com/about-us/careers,custom_js_only,,tier3_llm_browser,low
480,Williams-Sonoma,williams-sonomainc.com,Retail & Consumer Goods,7900000000,19600,San Francisco,California,http://www.williams-sonomainc.com/,oracle_recruiting,https://ehac.fa.us6.oraclecloud.com/hcmUI/CandidateExperience/en/sites/CX_1,tier1_ats,high
481,ARKO,arkocorp.com,Retail & Consumer Goods,7900000000,11772,Richmond,Virginia,,custom,,tier2_llm_http,low
482,Vulcan Materials,vulcanmaterials.com,Manufacturing & Industrial,7900000000,11971,Birmingham,Alabama,https://www.vulcanmaterials.com/work-for-vulcan,taleo,https://vulcanmat.taleo.net/careersection/2/jobsearch.ftl?lang=en,tier4_custom_build,high
483,Regions Financial,regions.com,Banking & Financial Services,7800000000,19644,Birmingham,Alabama,https://careers.regions.com/us/en,phenom,,tier1_ats,low
484,Commercial Metals,cmc.com,Manufacturing & Industrial,7800000000,13178,Irving,Texas,https://www.cmc.com/en-us/landing-pages/cmc-careers,custom,,tier2_llm_http,medium
485,Core & Main,coreandmain.com,Other,7800000000,5700,St. Louis,Missouri,https://jobs.coreandmain.com/p/coreandmain/home,custom,,tier2_llm_http,medium
486,Rush Enterprises,rushenterprises.com,Retail & Consumer Goods,7700000000,7882,New Braunfels,Texas,https://careers.rushenterprises.com,icims,https://www.icims.com/legal/privacy-notice-website/,tier1_ats,low
487,Microchip Technology,microchip.com,Technology,7600000000,22300,Chandler,Arizona,https://www.microchip.com/en-us/about/careers,workday,,tier1_ats,low
488,Masco,masco.com,Other,7600000000,18000,Livonia,Michigan,https://jobs.masco.com/us/en,phenom,,tier1_ats,medium
489,Interactive Brokers,interactivebrokers.com,Banking & Financial Services,7500000000,2998,Greenwich,Connecticut,https://www.interactivebrokers.com/en/general/about/careers-splash.php,greenhouse,https://boards.greenhouse.io/ibkr,tier1_ats,high
490,Huntington Bancshares,huntington.com,Banking & Financial Services,7500000000,19932,Columbus,Ohio,https://www.huntington.com/careers,workday,https://huntington.wd12.myworkdayjobs.com/HNBcareers,tier1_ats,high
491,Endeavor,endeavorco.com,Telecom & Media,7500000000,10000,Beverly Hills,California,https://wmegrp.com/,workday,https://wmeimg.wd1.myworkdayjobs.com/WMEGRP,tier1_ats,high
492,Par Pacific,parpacific.com,Energy & Utilities,7500000000,1787,Houston,Texas,https://www.parpacific.com/careers,custom,,tier2_llm_http,medium
493,Citizens Financial,citizensbank.com,Banking & Financial Services,7400000000,17287,Providence,Rhode Island,https://hcgn.fa.us2.oraclecloud.com/hcmUI/CandidateExperience/en/sites/CX_1/join-talent-community,oracle_recruiting,https://hcgn.fa.us2.oraclecloud.com/hcmUI/CandidateExperience/en/sites/CX_1/join-talent-community,tier1_ats,high
494,Watsco,watsco.com,Other,7400000000,7258,Miami,Florida,https://www.watsco.com/careers/,adp,https://recruiting.adp.com/srccar/public/RTI.home?c=1164651&#038;d=ExternalCareerSiteWatsco%23/,tier1_ats,high
495,Science Applications International,saic.com,Technology,7400000000,24000,Reston,Virginia,https://jobs.saic.com,jobvite,https://apply.app.jobvite.com/assets/app/apply.js,tier3_llm_browser,medium
496,Electronic Arts,ea.com,Telecom & Media,7300000000,13700,Redwood City,California,https://www.ea.com/careers,avature,http://avature.net,tier1_ats,medium
497,Newell Brands,newellbrands.com,Other,7300000000,23700,Atlanta,Georgia,https://careers.newellbrands.com/,successfactors,https://career4.successfactors.com/career?career_company=NWL&lang=en_US&company=NWL&site=&loginFlowRequired=true&_s.crb=aM1vXB77oFcENyQuLwNdXc%2f%2bBvkXFO%2fzTd5hJo5gIpU%3d,tier3_llm_browser,high
498,Ingredion,ingredion.com,Retail & Consumer Goods,7300000000,11200,Westchester,Illinois,https://www.ingredion.com/na/en-us/company/careers,workday,https://ingredion.wd1.myworkdayjobs.com/en-US/IngredionCareers,tier1_ats,high
499,KeyCorp,key.com,Banking & Financial Services,7200000000,16753,Cleveland,Ohio,https://www.key.com/about/careers.html,workday,https://keybank.wd5.myworkdayjobs.com/External_Career_Site,tier1_ats,high
500,QXO Building Products,qxo.com,Other,5500000000,8068,Herndon,Virginia,https://www.qxo.com/careers,custom,,tier2_llm_http,medium
