snapshot_date,platform,keyword,occupation_code,industry_code,total_reported,stop_reason,occupation_label_de,occupation_label_en,industry_label_de,industry_label_en
2026-09-03,arbeit.swiss,222,,,11930,exhausted,,,,
2026-09-03,arbeit.swiss,741,,,4202,exhausted,,,,
2026-09-03,arbeit.swiss,322,,,4147,exhausted,,,,
2026-09-03,arbeit.swiss,712,,,3754,exhausted,,,,
2026-09-03,arbeit.swiss,711,,,3557,exhausted,,,,
2026-09-03,arbeit.swiss,311,,,2974,exhausted,,,,
2026-09-03,arbeit.swiss,221,,,2909,exhausted,,,,
2026-09-03,arbeit.swiss,720,,,2178,exhausted,,,,
2026-09-03,arbeit.swiss,721,,,1840,exhausted,,,,
2026-09-03,arbeit.swiss,723,,,1839,exhausted,,,,
2026-09-03,arbeit.swiss,411,,,1450,exhausted,,,,
2026-09-03,arbeit.swiss,931,,,1444,exhausted,,,,
2026-09-03,arbeit.swiss,513,,,1280,exhausted,,,,
2026-09-03,arbeit.swiss,522,,,1267,exhausted,,,,
2026-09-03,arbeit.swiss,333,,,1243,exhausted,,,,
2026-09-03,arbeit.swiss,834,,,1150,exhausted,,,,
2026-09-03,arbeit.swiss,251,,,1141,exhausted,,,,
2026-09-03,arbeit.swiss,441,,,1099,exhausted,,,,
2026-09-03,arbeit.swiss,432,,,1043,exhausted,,,,
2026-09-03,arbeit.swiss,512,,,1039,exhausted,,,,
2026-09-03,arbeit.swiss,713,,,1005,exhausted,,,,
2026-09-03,arbeit.swiss,911,,,974,exhausted,,,,
2026-09-03,arbeit.swiss,611,,,956,exhausted,,,,
2026-09-03,arbeit.swiss,515,,,903,exhausted,,,,
2026-09-03,arbeit.swiss,332,,,874,exhausted,,,,
2026-09-03,arbeit.swiss,214,,,870,exhausted,,,,
2026-09-03,arbeit.swiss,242,,,866,exhausted,,,,
2026-09-03,arbeit.swiss,312,,,836,exhausted,,,,
2026-09-03,arbeit.swiss,325,,,735,exhausted,,,,
2026-09-03,arbeit.swiss,431,,,667,exhausted,,,,
2026-09-03,arbeit.swiss,241,,,663,exhausted,,,,
2026-09-03,arbeit.swiss,331,,,647,exhausted,,,,
2026-09-03,arbeit.swiss,243,,,601,exhausted,,,,
2026-09-03,arbeit.swiss,300,,,599,exhausted,,,,
2026-09-03,arbeit.swiss,132,,,533,exhausted,,,,
2026-09-03,arbeit.swiss,810,,,508,exhausted,,,,
2026-09-03,arbeit.swiss,933,,,484,exhausted,,,,
2026-09-03,arbeit.swiss,226,,,473,exhausted,,,,
2026-09-03,arbeit.swiss,341,,,457,exhausted,,,,
2026-09-03,arbeit.swiss,941,,,449,exhausted,,,,
2026-09-03,arbeit.swiss,334,,,428,exhausted,,,,
2026-09-03,arbeit.swiss,263,,,424,exhausted,,,,
2026-09-03,arbeit.swiss,422,,,402,exhausted,,,,
2026-09-03,arbeit.swiss,121,,,384,exhausted,,,,
2026-09-03,arbeit.swiss,112,,,366,exhausted,,,,
2026-09-03,arbeit.swiss,532,,,360,exhausted,,,,
2026-09-03,arbeit.swiss,321,,,356,exhausted,,,,
2026-09-03,arbeit.swiss,261,,,332,exhausted,,,,
2026-09-03,arbeit.swiss,343,,,289,exhausted,,,,
2026-09-03,arbeit.swiss,216,,,285,exhausted,,,,
2026-09-03,arbeit.swiss,833,,,281,exhausted,,,,
2026-09-03,arbeit.swiss,134,,,278,exhausted,,,,
2026-09-03,arbeit.swiss,541,,,274,exhausted,,,,
2026-09-03,arbeit.swiss,252,,,267,exhausted,,,,
2026-09-03,arbeit.swiss,250,,,240,exhausted,,,,
2026-09-03,arbeit.swiss,830,,,232,exhausted,,,,
2026-09-03,arbeit.swiss,351,,,229,exhausted,,,,
2026-09-03,arbeit.swiss,122,,,228,exhausted,,,,
2026-09-03,arbeit.swiss,731,,,225,exhausted,,,,
2026-09-03,arbeit.swiss,722,,,217,exhausted,,,,
2026-09-03,arbeit.swiss,335,,,202,exhausted,,,,
2026-09-03,arbeit.swiss,751,,,193,exhausted,,,,
2026-09-03,arbeit.swiss,200,,,188,exhausted,,,,
2026-09-03,arbeit.swiss,752,,,141,exhausted,,,,
2026-09-03,arbeit.swiss,235,,,133,exhausted,,,,
2026-09-03,arbeit.swiss,421,,,129,exhausted,,,,
2026-09-03,arbeit.swiss,524,,,119,exhausted,,,,
2026-09-03,arbeit.swiss,514,,,115,exhausted,,,,
2026-09-03,arbeit.swiss,141,,,113,exhausted,,,,
2026-09-03,arbeit.swiss,742,,,103,exhausted,,,,
2026-09-03,arbeit.swiss,754,,,92,exhausted,,,,
2026-09-03,arbeit.swiss,962,,,91,exhausted,,,,
2026-09-03,arbeit.swiss,961,,,81,exhausted,,,,
2026-09-03,arbeit.swiss,342,,,76,exhausted,,,,
2026-09-03,arbeit.swiss,811,,,64,exhausted,,,,
2026-09-03,arbeit.swiss,816,,,57,exhausted,,,,
2026-09-03,arbeit.swiss,732,,,56,exhausted,,,,
2026-09-03,arbeit.swiss,523,,,56,exhausted,,,,
2026-09-03,arbeit.swiss,264,,,54,exhausted,,,,
2026-09-03,arbeit.swiss,815,,,52,exhausted,,,,
2026-09-03,arbeit.swiss,832,,,51,exhausted,,,,
2026-09-03,arbeit.swiss,262,,,43,exhausted,,,,
2026-09-03,arbeit.swiss,821,,,43,exhausted,,,,
2026-09-03,arbeit.swiss,111,,,42,exhausted,,,,
2026-09-03,arbeit.swiss,142,,,40,exhausted,,,,
2026-09-03,arbeit.swiss,813,,,39,exhausted,,,,
2026-09-03,arbeit.swiss,212,,,39,exhausted,,,,
2026-09-03,arbeit.swiss,213,,,34,exhausted,,,,
2026-09-03,arbeit.swiss,814,,,33,exhausted,,,,
2026-09-03,arbeit.swiss,812,,,32,exhausted,,,,
2026-09-03,arbeit.swiss,231,,,26,exhausted,,,,
2026-09-03,arbeit.swiss,613,,,26,exhausted,,,,
2026-09-03,arbeit.swiss,313,,,25,exhausted,,,,
2026-09-03,arbeit.swiss,621,,,22,exhausted,,,,
2026-09-03,arbeit.swiss,753,,,22,exhausted,,,,
2026-09-03,arbeit.swiss,211,,,21,exhausted,,,,
2026-09-03,arbeit.swiss,516,,,21,exhausted,,,,
2026-09-03,arbeit.swiss,230,,,19,exhausted,,,,
2026-09-03,arbeit.swiss,225,,,19,exhausted,,,,
2026-09-03,arbeit.swiss,352,,,19,exhausted,,,,
2026-09-03,arbeit.swiss,324,,,17,exhausted,,,,
2026-09-03,arbeit.swiss,612,,,15,exhausted,,,,
2026-09-03,arbeit.swiss,315,,,15,exhausted,,,,
2026-09-03,arbeit.swiss,223,,,14,exhausted,,,,
2026-09-03,arbeit.swiss,511,,,14,exhausted,,,,
2026-09-03,arbeit.swiss,265,,,11,exhausted,,,,
2026-09-03,arbeit.swiss,314,,,7,exhausted,,,,
2026-09-03,arbeit.swiss,817,,,7,exhausted,,,,
2026-09-03,arbeit.swiss,622,,,0,exhausted,,,,
2026-09-03,arbeit.swiss,700,,,0,exhausted,,,,
2026-09-03,arbeit.swiss,323,,,0,exhausted,,,,
2026-09-03,arbeit.swiss,835,,,0,exhausted,,,,
2026-09-03,arbeit.swiss,021,,,0,exhausted,,,,
2026-09-03,arbeit.swiss,011,,,0,exhausted,,,,
2026-09-03,jobs.ch,10,,healthcare_social,7866,exhausted,,,,
2026-09-03,jobs.ch,6,,retail_wholesale,5874,exhausted,,,,
2026-09-03,jobs.ch,112,,,4852,exhausted,,,,
2026-09-03,jobs.ch,110,,,3169,exhausted,,,,
2026-09-03,jobs.ch,2,,construction_realestate,3153,exhausted,,,,
2026-09-03,jobs.ch,105,,,3112,exhausted,,,,
2026-09-03,jobs.ch,100,,,3065,exhausted,,,,
2026-09-03,jobs.ch,12,,manufacturing_diverse,2409,exhausted,,,,
2026-09-03,jobs.ch,16,,public_admin,2207,exhausted,,,,
2026-09-03,jobs.ch,111,,,2013,exhausted,,,,
2026-09-03,jobs.ch,109,,,1868,exhausted,,,,
2026-09-03,jobs.ch,106,,,1659,exhausted,,,,
2026-09-03,jobs.ch,114,,,1619,exhausted,,,,
2026-09-03,jobs.ch,101,,,1519,exhausted,,,,
2026-09-03,jobs.ch,102,,,1519,exhausted,,,,
2026-09-03,jobs.ch,108,,,1487,exhausted,,,,
2026-09-03,jobs.ch,9,,hospitality,1407,exhausted,,,,
2026-09-03,jobs.ch,22,,machinery,1320,exhausted,,,,
2026-09-03,jobs.ch,113,,,1278,exhausted,,,,
2026-09-03,jobs.ch,13,,ict_telecom,1160,exhausted,,,,
2026-09-03,jobs.ch,7,,services_diverse,1144,exhausted,,,,
2026-09-03,jobs.ch,18,,transport_logistics,1138,exhausted,,,,
2026-09-03,jobs.ch,20,,insurance,956,exhausted,,,,
2026-09-03,jobs.ch,4,,education,779,exhausted,,,,
2026-09-03,jobs.ch,103,,,759,exhausted,,,,
2026-09-03,jobs.ch,11,,crafts_trades,756,exhausted,,,,
2026-09-03,jobs.ch,1,,banking_financial,739,exhausted,,,,
2026-09-03,jobs.ch,23,,medical_technology,716,exhausted,,,,
2026-09-03,jobs.ch,19,,legal_business_advisory,665,exhausted,,,,
2026-09-03,jobs.ch,8,,energy_utilities,590,exhausted,,,,
2026-09-03,jobs.ch,21,,consumer_luxury,558,exhausted,,,,
2026-09-03,jobs.ch,5,,life_sciences,528,exhausted,,,,
2026-09-03,jobs.ch,104,,,400,exhausted,,,,
2026-09-03,jobs.ch,17,,tourism_leisure,329,exhausted,,,,
2026-09-03,jobs.ch,107,,,298,exhausted,,,,
2026-09-03,jobs.ch,116,,,293,exhausted,,,,
2026-09-03,jobs.ch,117,,,162,exhausted,,,,
2026-09-03,jobs.ch,15,,media_publishing,125,exhausted,,,,
2026-09-03,jobs.ch,3,,consulting_diverse,116,exhausted,,,,
2026-09-03,jobs.ch,115,,,58,exhausted,,,,
2026-09-03,jobs.ch,14,,agriculture,58,exhausted,,,,
2026-09-03,jobs.ch,24,,hr_recruiting,34,exhausted,,,,
